Category	Confidence
00	1.0
00	1.0
00	1.0
00	1.0
00	1.0
00	1.0
00	1.0
00	0.9972297834431981
00	1.0
00	0.9999723756906077
00	1.0
00	1.0
00	1.0
00	1.0
00	1.0
00	1.0
00	1.0
00	1.0
00	1.0
00	0.99
00	1.0
00	1.0
00	1.0
00	1.0
00	1.0
00	1.0
00	1.0
00	1.0
00	1.0
00	1.0
00	0.99
00	1.0
00	0.9999130434782608
00	1.0
00	1.0
00	1.0
00	0.9972297834431981
00	1.0
00	1.0
00	1.0
00	1.0
00	1.0
00	1.0
00	1.0
00	1.0
00	1.0
00	0.9899739583333332
00	1.0
00	0.99
00	0.99
00	1.0
00	1.0
00	1.0
00	1.0
00	0.97
00	1.0
00	0.9972297834431981
00	0.99
00	1.0
00	1.0
00	1.0
00	1.0
00	1.0
00	1.0
00	1.0
00	1.0
00	1.0
00	1.0
00	1.0
00	1.0
00	0.99
00	1.0
00	1.0
00	1.0
00	0.9998891549240492
00	1.0
00	1.0
00	1.0
00	1.0
00	0.68
00	1.0
00	1.0
00	0.9972297834431981
00	1.0
00	1.0
00	1.0
00	1.0
00	1.0
00	1.0
00	1.0
00	1.0
00	1.0
00	1.0
00	1.0
00	1.0
00	1.0
00	0.9995265676767915
00	1.0
00	1.0
00	1.0
00	1.0
00	1.0
00	1.0
00	1.0
00	1.0
00	0.98
00	0.99
00	0.9972297834431981
00	1.0
00	1.0
00	1.0
00	1.0
00	1.0
00	1.0
00	0.9972297834431981
00	1.0
00	1.0
00	1.0
00	1.0
00	1.0
00	0.9998593936989454
00	1.0
00	1.0
00	1.0
00	1.0
00	1.0
00	1.0
00	1.0
00	1.0
00	0.9797452441047854
00	1.0
00	1.0
00	1.0
00	1.0
00	0.97
00	1.0
00	1.0
00	1.0
00	1.0
00	1.0
00	1.0
00	1.0
00	1.0
00	1.0
00	0.9997467051536373
00	1.0
00	1.0
00	1.0
00	1.0
00	0.9997732571514645
00	1.0
00	1.0
00	1.0
00	1.0
00	0.9989213741352194
00	1.0
00	1.0
00	0.98
00	1.0
00	1.0
00	1.0
00	0.9972297834431981
00	1.0
00	0.9972297834431981
00	1.0
00	1.0
00	1.0
00	1.0
00	1.0
00	1.0
00	0.98
00	1.0
00	1.0
00	1.0
00	1.0
00	0.9999724517906335
00	1.0
00	1.0
00	1.0
00	1.0
00	1.0
00	1.0
00	1.0
00	1.0
00	1.0
00	0.9999435028248587
00	0.9899739583333332
00	1.0
00	1.0
00	1.0
00	1.0
00	1.0
00	0.9972297834431981
00	1.0
00	1.0
00	1.0
00	0.9999728260869566
00	0.98
00	0.9581772264029275
00	1.0
00	0.98
00	1.0
00	1.0
00	1.0
00	1.0
00	1.0
00	0.99
00	1.0
00	0.81
00	0.9972297834431981
00	1.0
00	1.0
00	0.99
00	1.0
00	1.0
00	1.0
00	1.0
00	1.0
00	0.9972297834431981
00	1.0
00	1.0
00	1.0
00	0.9972297834431981
00	0.9972297834431981
00	1.0
00	1.0
00	1.0
00	1.0
00	1.0
00	1.0
00	0.9995772817464786
00	1.0
00	1.0
00	1.0
00	1.0
00	1.0
00	0.9599423631123919
00	1.0
00	1.0
00	1.0
00	1.0
00	0.999971346704871
00	1.0
00	1.0
00	0.999710672759994
00	1.0
00	1.0
00	1.0
00	1.0
00	1.0
00	1.0
00	1.0
00	1.0
00	1.0
00	0.98
00	1.0
00	1.0
00	0.9998862754193755
00	1.0
00	0.9972297834431981
00	1.0
00	1.0
00	1.0
00	0.9397714765484884
00	0.98
00	1.0
00	1.0
00	1.0
00	1.0
00	1.0
00	1.0
00	1.0
00	1.0
00	1.0
00	1.0
00	1.0
00	1.0
00	1.0
00	1.0
00	1.0
00	1.0
00	0.99
00	1.0
00	1.0
00	1.0
00	1.0
00	1.0
00	1.0
00	1.0
00	1.0
00	1.0
00	0.98
00	1.0
00	1.0
00	1.0
00	1.0
00	1.0
00	1.0
00	0.999406082551323
00	1.0
00	1.0
00	1.0
00	1.0
00	0.9199119507463945
00	0.99
00	1.0
00	0.9999423631123919
00	1.0
00	1.0
00	1.0
00	1.0
00	1.0
00	1.0
00	1.0
00	1.0
00	1.0
00	1.0
00	1.0
00	1.0
00	1.0
00	1.0
00	0.99
00	0.9972297834431981
00	1.0
00	1.0
00	1.0
00	1.0
00	1.0
00	1.0
00	0.9999468085106383
00	0.9699427083333333
00	1.0
00	1.0
00	1.0
00	1.0
00	1.0
00	0.9799431818181819
00	1.0
00	1.0
00	0.999973474801061
00	1.0
00	1.0
00	1.0
00	1.0
00	0.99
00	1.0
00	0.98
00	1.0
00	1.0
00	1.0
00	1.0
00	1.0
00	1.0
00	1.0
00	1.0
00	1.0
00	1.0
00	1.0
00	1.0
00	1.0
00	1.0
00	1.0
00	0.9988351167318329
00	1.0
00	1.0
00	0.9972297834431981
00	1.0
00	1.0
00	1.0
00	0.9799428874042693
00	0.9999423631123919
00	1.0
00	0.96
00	0.9972297834431981
00	1.0
00	1.0
00	1.0
00	1.0
00	1.0
00	1.0
00	1.0
00	1.0
00	0.97
00	1.0
00	1.0
00	1.0
00	1.0
00	0.98
00	1.0
00	1.0
00	1.0
00	1.0
00	1.0
00	1.0
00	1.0
00	1.0
00	1.0
00	1.0
00	1.0
00	1.0
00	0.99
00	0.9972297834431981
00	0.9972297834431981
00	1.0
00	1.0
00	1.0
00	1.0
00	1.0
00	1.0
00	1.0
00	1.0
00	0.999411142230697
00	1.0
00	1.0
00	0.9972297834431981
00	1.0
00	1.0
00	1.0
00	0.98
00	1.0
00	1.0
00	1.0
00	1.0
00	1.0
00	1.0
00	1.0
00	0.97
00	1.0
00	1.0
00	1.0
00	1.0
00	1.0
00	1.0
00	0.9972297834431981
00	0.9972297834431981
00	1.0
00	1.0
00	1.0
00	1.0
00	1.0
00	1.0
00	1.0
00	1.0
00	1.0
00	1.0
00	1.0
00	1.0
00	0.9999723756906077
00	1.0
00	1.0
00	1.0
00	0.99
00	1.0
00	1.0
00	1.0
00	1.0
00	1.0
00	1.0
00	0.9972297834431981
00	0.99
00	1.0
00	1.0
00	1.0
00	1.0
00	1.0
00	1.0
00	1.0
00	1.0
00	1.0
00	1.0
00	1.0
00	1.0
00	1.0
00	1.0
00	1.0
00	1.0
00	1.0
00	0.98
00	1.0
00	1.0
00	1.0
00	1.0
00	0.99
00	0.9997219107706161
00	0.97
00	1.0
00	1.0
00	0.9799730458221024
00	1.0
00	1.0
00	1.0
00	1.0
00	0.9993755774630882
00	0.99
00	0.9999470899470899
00	1.0
00	0.9599672131147541
00	1.0
00	0.9992677972202391
00	1.0
00	1.0
00	1.0
00	1.0
00	1.0
00	1.0
00	0.99
00	1.0
00	1.0
00	1.0
00	1.0
00	1.0
00	1.0
00	1.0
00	0.99
00	1.0
00	1.0
00	1.0
00	1.0
00	1.0
00	1.0
00	1.0
00	1.0
00	0.99
00	1.0
00	1.0
00	1.0
00	1.0
00	1.0
00	1.0
00	1.0
00	1.0
00	1.0
00	1.0
00	1.0
00	1.0
00	1.0
00	1.0
00	1.0
00	1.0
00	1.0
00	1.0
00	1.0
00	1.0
00	0.99
00	1.0
00	1.0
00	1.0
00	1.0
00	1.0
00	1.0
00	0.99
00	1.0
00	1.0
00	1.0
00	1.0
00	1.0
00	1.0
00	1.0
00	1.0
00	0.9995290765353013
00	1.0
00	1.0
00	1.0
00	0.9995656019535129
00	0.9972297834431981
00	1.0
00	1.0
00	1.0
00	1.0
00	1.0
00	1.0
00	1.0
00	1.0
00	1.0
00	1.0
00	1.0
00	1.0
00	1.0
00	1.0
00	1.0
00	1.0
00	1.0
00	1.0
00	1.0
00	1.0
00	1.0
00	1.0
00	1.0
00	1.0
00	1.0
00	0.9587871269354055
00	0.99
00	1.0
00	1.0
00	0.99
00	1.0
00	1.0
00	1.0
00	0.93
00	1.0
00	1.0
00	0.9999463008880176
00	1.0
00	0.99
00	0.9999727520435967
00	1.0
00	1.0
00	0.9999723756906077
00	1.0
00	0.99
00	0.9999723756906077
00	0.9972297834431981
00	1.0
00	1.0
00	1.0
00	1.0
00	1.0
00	1.0
00	1.0
00	1.0
00	1.0
00	1.0
00	1.0
00	0.99
00	1.0
00	1.0
00	1.0
00	1.0
00	1.0
00	1.0
00	1.0
00	1.0
00	1.0
00	1.0
00	0.9998779921002614
00	1.0
00	1.0
00	1.0
00	1.0
00	1.0
00	1.0
00	0.989915017243352
00	1.0
00	1.0
00	0.9972297834431981
00	0.9972297834431981
00	0.9972297834431981
00	1.0
00	1.0
00	1.0
00	1.0
00	1.0
00	1.0
00	1.0
00	1.0
00	1.0
00	1.0
00	0.99
00	1.0
00	1.0
00	1.0
00	1.0
00	1.0
00	1.0
00	1.0
00	1.0
00	1.0
00	1.0
00	1.0
00	1.0
00	1.0
00	1.0
00	1.0
00	1.0
00	1.0
00	1.0
00	1.0
00	1.0
00	0.9972297834431981
00	1.0
00	1.0
00	1.0
00	1.0
00	1.0
00	1.0
00	1.0
00	0.9999165617008282
00	1.0
00	1.0
00	1.0
00	1.0
00	1.0
00	0.98
00	1.0
00	0.98
00	0.99
00	1.0
00	0.9999739583333332
00	1.0
00	0.99
00	1.0
00	1.0
00	1.0
00	1.0
00	1.0
00	1.0
00	1.0
00	0.9998256430269218
00	1.0
00	1.0
00	0.99
00	1.0
00	1.0
00	1.0
00	1.0
00	1.0
00	1.0
00	1.0
00	1.0
00	1.0
00	0.99
00	1.0
00	1.0
00	1.0
00	0.97
00	1.0
00	0.95
00	1.0
00	1.0
00	0.99
00	1.0
00	1.0
00	1.0
00	0.9972297834431981
00	1.0
00	1.0
00	1.0
00	0.99
00	1.0
00	1.0
00	1.0
00	1.0
00	1.0
00	0.999971346704871
00	1.0
00	1.0
00	1.0
00	1.0
00	1.0
00	1.0
00	1.0
00	1.0
00	1.0
00	1.0
00	1.0
00	1.0
00	1.0
00	1.0
00	1.0
00	1.0
00	0.9896889583228627
00	1.0
00	1.0
00	1.0
00	1.0
00	1.0
00	1.0
00	0.9993222872731933
00	1.0
00	1.0
00	1.0
00	1.0
00	1.0
00	1.0
00	1.0
00	1.0
00	1.0
00	1.0
00	1.0
00	1.0
00	1.0
00	1.0
00	1.0
00	1.0
00	1.0
00	1.0
00	1.0
00	0.99
00	1.0
00	1.0
00	1.0
00	1.0
00	1.0
00	1.0
00	1.0
00	0.9972297834431981
00	0.9997436964320683
00	1.0
00	1.0
00	1.0
00	1.0
00	1.0
00	0.999973474801061
00	1.0
00	1.0
00	1.0
00	1.0
00	1.0
00	0.99
00	1.0
00	1.0
00	1.0
00	1.0
00	1.0
00	1.0
00	1.0
00	1.0
00	1.0
00	1.0
00	0.99
00	1.0
00	1.0
00	0.9972297834431981
00	0.9998002674780068
00	1.0
00	1.0
00	0.9999468085106383
00	0.99
00	1.0
00	1.0
00	1.0
00	1.0
00	1.0
00	1.0
00	1.0
00	1.0
00	1.0
00	1.0
00	1.0
00	0.99
00	0.9972297834431981
00	1.0
00	0.9972297834431981
00	0.9999450549450549
00	1.0
00	1.0
00	1.0
00	1.0
00	1.0
00	1.0
00	1.0
00	1.0
00	1.0
00	1.0
00	1.0
00	0.9999723756906077
00	1.0
00	1.0
00	1.0
00	1.0
00	0.98
00	0.9972297834431981
00	1.0
00	1.0
00	1.0
00	0.9972297834431981
00	1.0
00	0.96
00	1.0
00	1.0
00	0.97
00	1.0
00	1.0
00	1.0
00	1.0
00	1.0
00	1.0
00	1.0
00	1.0
00	1.0
00	1.0
00	1.0
00	1.0
00	1.0
00	1.0
00	1.0
00	1.0
00	1.0
00	1.0
00	1.0
00	1.0
00	1.0
00	1.0
00	0.99
00	1.0
00	1.0
00	1.0
00	1.0
00	1.0
00	1.0
00	1.0
00	0.97
00	1.0
00	1.0
00	1.0
00	0.9997469255466289
00	0.9972297834431981
00	1.0
00	1.0
00	1.0
00	1.0
00	0.999971346704871
00	0.9997428125498651
00	1.0
00	0.92
00	1.0
00	1.0
00	1.0
00	1.0
00	1.0
00	0.97
00	1.0
00	1.0
00	1.0
00	0.9972297834431981
00	1.0
00	1.0
00	1.0
00	1.0
00	1.0
00	1.0
00	1.0
00	0.99
00	1.0
00	1.0
00	1.0
00	1.0
00	1.0
00	0.9972297834431981
00	1.0
00	1.0
00	1.0
00	0.9998656193975225
00	1.0
00	1.0
00	0.99
00	1.0
00	1.0
00	1.0
00	1.0
00	0.9797491661237758
00	1.0
00	1.0
00	1.0
00	1.0
00	1.0
00	0.9988908738390271
00	1.0
00	1.0
00	1.0
00	1.0
00	1.0
00	0.97
00	1.0
00	1.0
00	1.0
00	0.98
00	1.0
00	1.0
00	1.0
00	1.0
00	1.0
00	0.96
00	1.0
00	1.0
00	1.0
00	1.0
00	1.0
00	1.0
00	1.0
00	1.0
00	1.0
00	1.0
00	1.0
00	1.0
00	1.0
00	1.0
00	1.0
00	1.0
00	1.0
00	1.0
00	0.9998243442357132
00	0.9899723756906077
00	1.0
00	1.0
00	1.0
00	1.0
00	1.0
00	1.0
00	1.0
00	1.0
00	1.0
00	1.0
00	0.9972297834431981
00	1.0
00	1.0
00	0.9998883359846867
00	1.0
00	1.0
00	1.0
00	1.0
00	1.0
00	1.0
00	1.0
00	0.9586449996261394
00	0.99
00	1.0
00	1.0
00	0.97
00	1.0
00	1.0
00	1.0
00	1.0
00	1.0
00	1.0
00	0.97
00	1.0
00	1.0
00	1.0
00	1.0
00	1.0
00	1.0
00	1.0
00	1.0
00	0.94
00	1.0
00	1.0
00	1.0
00	0.9994510794170118
00	0.99
00	1.0
00	1.0
00	0.99
00	1.0
00	1.0
00	1.0
00	1.0
00	1.0
00	1.0
00	1.0
00	1.0
00	1.0
00	1.0
00	1.0
00	0.94
00	1.0
00	1.0
00	1.0
00	1.0
00	0.99
00	1.0
00	0.9999723756906077
00	1.0
00	1.0
00	1.0
00	1.0
00	1.0
00	1.0
00	0.99
00	1.0
00	1.0
00	1.0
00	1.0
00	1.0
00	1.0
00	1.0
00	0.9972297834431981
00	1.0
00	1.0
00	1.0
00	1.0
00	0.9972297834431981
00	1.0
00	0.9999722222222222
00	0.9999707602339182
00	1.0
00	1.0
00	1.0
00	1.0
00	1.0
00	1.0
00	1.0
00	1.0
00	1.0
00	1.0
00	1.0
00	1.0
00	1.0
00	1.0
00	1.0
00	1.0
00	1.0
00	1.0
00	1.0
00	1.0
00	1.0
00	0.99
00	1.0
00	1.0
00	1.0
00	1.0
00	1.0
00	1.0
00	1.0
00	1.0
00	1.0
00	1.0
00	1.0
00	1.0
00	1.0
00	1.0
00	1.0
00	1.0
00	1.0
00	1.0
00	1.0
00	1.0
00	1.0
00	1.0
00	1.0
00	1.0
00	1.0
00	1.0
00	0.99
00	1.0
00	1.0
00	1.0
00	1.0
00	0.9997097374629793
00	1.0
00	0.98
00	1.0
00	1.0
00	0.99
00	0.9999739583333332
00	1.0
00	1.0
00	0.98
00	0.99
00	1.0
00	1.0
00	1.0
00	1.0
00	0.9972297834431981
00	1.0
00	1.0
00	1.0
00	1.0
00	1.0
00	1.0
00	1.0
00	1.0
00	1.0
00	1.0
00	1.0
00	1.0
00	1.0
00	1.0
00	1.0
00	1.0
00	1.0
00	1.0
00	1.0
00	1.0
00	1.0
00	1.0
00	1.0
00	1.0
00	1.0
00	0.9999687500000001
00	1.0
00	1.0
00	0.9972297834431981
00	1.0
00	1.0
00	1.0
00	1.0
00	1.0
00	1.0
00	1.0
00	1.0
00	1.0
00	1.0
00	0.9972297834431981
00	1.0
00	0.99
00	1.0
00	1.0
00	1.0
00	1.0
00	0.9999468085106383
00	0.9988545300214077
00	0.9972297834431981
00	0.9972297834431981
00	0.9999450549450549
00	1.0
00	1.0
00	1.0
00	1.0
00	1.0
00	1.0
00	1.0
00	1.0
00	1.0
00	1.0
00	1.0
00	1.0
00	1.0
00	0.98
00	0.9997165457991554
00	1.0
00	0.999647896709441
00	1.0
00	1.0
00	1.0
00	1.0
00	1.0
00	1.0
00	1.0
00	0.9972297834431981
00	1.0
00	1.0
00	1.0
00	0.9972297834431981
00	1.0
00	1.0
00	1.0
00	1.0
00	1.0
00	1.0
00	1.0
00	1.0
00	1.0
00	1.0
00	0.99
00	0.96
00	1.0
00	0.9999739583333332
00	1.0
00	1.0
00	0.9972297834431981
00	1.0
00	1.0
00	1.0
00	1.0
00	1.0
00	1.0
00	1.0
00	1.0
00	1.0
00	0.96
00	1.0
00	1.0
00	1.0
00	0.99
00	1.0
00	1.0
00	1.0
00	1.0
00	0.9972297834431981
00	1.0
00	1.0
00	1.0
00	1.0
00	1.0
00	1.0
00	0.97
00	1.0
00	1.0
00	1.0
00	1.0
00	1.0
00	1.0
00	1.0
00	1.0
00	1.0
00	1.0
00	1.0
00	1.0
00	1.0
00	0.99
00	1.0
00	1.0
00	1.0
00	1.0
00	1.0
00	1.0
00	1.0
00	0.9972297834431981
00	0.9999172771672771
00	0.9972297834431981
00	1.0
00	1.0
00	1.0
00	1.0
00	1.0
00	1.0
00	0.99
00	1.0
00	1.0
00	1.0
00	1.0
00	0.99
00	1.0
00	1.0
00	1.0
00	1.0
00	1.0
00	1.0
00	0.99
00	1.0
00	0.9972297834431981
00	0.9999145299145299
00	1.0
00	1.0
00	1.0
00	1.0
00	1.0
00	1.0
00	1.0
00	0.9972297834431981
00	1.0
00	1.0
00	1.0
00	1.0
00	1.0
00	1.0
00	1.0
00	1.0
00	1.0
00	1.0
00	1.0
00	1.0
00	1.0
00	1.0
00	1.0
00	1.0
00	1.0
00	1.0
00	0.9972297834431981
00	1.0
00	1.0
00	0.99
00	1.0
00	1.0
00	1.0
00	1.0
00	1.0
00	1.0
00	1.0
00	1.0
00	1.0
00	1.0
00	0.98
00	1.0
00	1.0
00	1.0
00	1.0
00	1.0
00	1.0
00	1.0
00	1.0
00	1.0
00	1.0
00	1.0
00	1.0
00	1.0
00	1.0
00	1.0
00	1.0
00	1.0
00	1.0
00	1.0
00	0.99
00	1.0
00	0.98
00	1.0
00	0.9972297834431981
00	1.0
00	1.0
00	1.0
00	1.0
00	1.0
00	1.0
00	1.0
00	0.9972297834431981
00	1.0
00	0.999944821505932
00	1.0
00	1.0
00	1.0
00	1.0
00	0.9799435823983448
00	1.0
00	1.0
00	1.0
00	1.0
00	1.0
00	1.0
00	1.0
00	1.0
00	1.0
00	1.0
00	1.0
00	1.0
00	1.0
00	1.0
00	1.0
00	1.0
00	1.0
00	1.0
00	1.0
00	1.0
00	1.0
00	1.0
00	1.0
00	1.0
00	1.0
00	0.97
00	1.0
00	0.9972297834431981
00	1.0
00	1.0
00	1.0
00	1.0
00	1.0
00	1.0
00	1.0
00	1.0
00	1.0
00	1.0
00	1.0
00	1.0
00	1.0
00	1.0
00	1.0
00	1.0
00	1.0
00	1.0
00	1.0
00	1.0
00	1.0
00	1.0
00	1.0
00	0.99
00	1.0
00	1.0
00	1.0
00	1.0
00	1.0
00	1.0
00	1.0
00	1.0
00	1.0
00	1.0
00	1.0
00	1.0
00	1.0
00	1.0
00	1.0
00	1.0
00	1.0
00	1.0
00	1.0
00	1.0
00	1.0
00	1.0
00	1.0
00	1.0
00	0.97
00	1.0
00	1.0
00	1.0
00	1.0
00	1.0
00	1.0
00	1.0
00	1.0
00	0.9999705882352942
00	1.0
00	0.9972297834431981
00	1.0
00	1.0
00	1.0
00	1.0
00	1.0
00	1.0
00	1.0
00	0.99
00	1.0
00	1.0
00	1.0
00	1.0
00	0.99
00	1.0
00	1.0
00	1.0
00	1.0
00	0.9898058620643116
00	1.0
00	1.0
00	1.0
00	1.0
00	1.0
00	1.0
00	1.0
00	0.98
00	1.0
00	1.0
00	1.0
00	0.9198011364018087
00	1.0
00	1.0
00	1.0
00	1.0
00	1.0
00	1.0
00	1.0
00	1.0
00	1.0
00	1.0
00	1.0
00	1.0
00	1.0
00	1.0
00	0.9999197860962568
00	1.0
00	1.0
00	0.9972297834431981
00	0.99
00	1.0
00	1.0
00	0.9999720670391062
00	1.0
00	1.0
00	1.0
00	1.0
00	1.0
00	1.0
00	1.0
00	1.0
00	0.9972297834431981
00	1.0
00	0.9972297834431981
00	1.0
00	0.9972297834431981
00	1.0
00	1.0
00	1.0
00	1.0
00	1.0
00	1.0
00	1.0
00	1.0
00	0.9981239195253526
00	1.0
00	1.0
00	1.0
00	0.9999705882352942
00	1.0
00	1.0
00	1.0
00	1.0
00	1.0
00	1.0
00	0.9972297834431981
00	1.0
00	1.0
00	1.0
00	1.0
00	1.0
00	1.0
00	1.0
00	1.0
00	1.0
00	1.0
00	1.0
00	1.0
00	1.0
00	1.0
00	1.0
00	1.0
00	1.0
00	1.0
00	1.0
00	1.0
00	1.0
00	1.0
00	1.0
00	1.0
00	1.0
00	1.0
00	1.0
00	1.0
00	1.0
00	0.9991547780931062
00	1.0
00	1.0
00	1.0
00	1.0
00	1.0
00	1.0
00	1.0
00	1.0
00	1.0
00	1.0
00	1.0
00	1.0
00	1.0
00	0.99
00	1.0
00	1.0
00	0.9999073328752331
00	1.0
00	1.0
00	1.0
00	1.0
00	1.0
00	1.0
00	1.0
00	1.0
00	1.0
00	1.0
00	1.0
00	1.0
00	1.0
00	1.0
00	0.97
00	0.9972297834431981
00	0.9898861208236208
00	1.0
00	1.0
00	1.0
00	1.0
00	1.0
00	1.0
00	1.0
00	1.0
00	1.0
00	1.0
00	1.0
00	1.0
00	0.9972297834431981
00	0.9972297834431981
00	0.9999195356579588
00	0.9972297834431981
00	1.0
00	1.0
00	1.0
00	1.0
00	1.0
00	1.0
00	1.0
00	1.0
00	1.0
00	1.0
00	1.0
00	1.0
00	1.0
00	0.98
00	1.0
00	1.0
00	1.0
00	1.0
00	1.0
00	1.0
00	1.0
00	1.0
00	1.0
00	1.0
00	1.0
00	1.0
00	1.0
00	1.0
00	1.0
00	1.0
00	0.9899130434782609
00	1.0
00	1.0
00	1.0
00	1.0
00	1.0
00	1.0
00	1.0
00	1.0
00	1.0
00	1.0
00	1.0
00	1.0
00	1.0
00	1.0
00	1.0
00	1.0
00	1.0
00	1.0
00	1.0
00	1.0
00	1.0
00	1.0
00	1.0
00	1.0
00	1.0
00	1.0
00	1.0
00	1.0
00	1.0
00	1.0
00	1.0
00	1.0
00	1.0
00	1.0
00	1.0
00	1.0
00	1.0
00	1.0
00	1.0
00	0.95
00	1.0
00	0.97
00	0.9998637526959554
00	1.0
00	1.0
00	1.0
00	1.0
00	1.0
00	1.0
00	1.0
00	1.0
00	1.0
00	0.9972297834431981
00	1.0
00	1.0
00	1.0
00	1.0
00	1.0
00	1.0
00	1.0
00	1.0
00	1.0
00	1.0
00	1.0
00	1.0
00	1.0
00	1.0
00	1.0
00	1.0
00	1.0
00	0.9972297834431981
00	1.0
00	1.0
00	1.0
00	1.0
00	0.9999143032034279
00	1.0
00	1.0
00	1.0
00	1.0
00	1.0
00	1.0
00	1.0
00	1.0
00	1.0
00	1.0
00	1.0
00	1.0
00	1.0
00	1.0
00	1.0
00	0.998299396134221
00	1.0
00	1.0
00	1.0
00	1.0
00	1.0
00	0.98
00	1.0
00	1.0
00	0.9998845192467922
00	1.0
00	1.0
00	1.0
00	1.0
00	1.0
00	0.91
00	1.0
00	1.0
00	1.0
00	1.0
00	1.0
00	1.0
00	1.0
00	0.9994620315610437
00	1.0
00	1.0
00	1.0
00	1.0
00	0.98
00	1.0
00	1.0
00	1.0
00	1.0
00	1.0
00	0.9972297834431981
00	1.0
00	1.0
00	1.0
00	1.0
00	1.0
00	0.96
00	1.0
00	1.0
00	1.0
00	1.0
00	1.0
00	1.0
00	1.0
00	1.0
00	1.0
00	1.0
00	0.9972297834431981
00	1.0
00	1.0
00	0.999973474801061
00	1.0
00	1.0
00	1.0
00	1.0
00	1.0
00	0.9972297834431981
00	1.0
00	1.0
00	1.0
00	1.0
00	1.0
00	1.0
00	1.0
00	1.0
00	1.0
00	1.0
00	1.0
00	1.0
00	1.0
00	0.9999707602339182
00	0.99
00	1.0
00	0.96
00	0.97
00	1.0
00	1.0
00	1.0
00	1.0
00	1.0
00	1.0
00	0.99
00	1.0
00	1.0
00	1.0
00	0.99
00	1.0
00	1.0
00	0.9972297834431981
00	1.0
00	1.0
00	1.0
00	1.0
00	1.0
00	1.0
00	1.0
00	1.0
00	1.0
00	1.0
00	0.98
00	1.0
00	0.98
00	1.0
00	1.0
00	1.0
00	1.0
00	1.0
00	1.0
00	1.0
00	1.0
00	1.0
00	1.0
00	0.9972297834431981
00	1.0
00	1.0
00	1.0
00	1.0
00	1.0
00	0.98
00	0.99
00	1.0
00	1.0
00	1.0
00	0.9972297834431981
00	0.99
00	1.0
00	1.0
00	1.0
00	1.0
00	1.0
00	0.99
00	1.0
00	1.0
00	1.0
00	0.97
00	0.99
00	1.0
00	0.96
00	1.0
00	1.0
00	1.0
00	0.9972297834431981
00	1.0
00	1.0
00	0.99
00	1.0
00	1.0
00	1.0
00	0.95
00	1.0
00	1.0
00	1.0
00	1.0
00	1.0
00	0.99
00	1.0
00	1.0
00	1.0
00	1.0
00	1.0
00	1.0
00	0.9993980497306965
00	1.0
00	1.0
00	1.0
00	1.0
00	1.0
00	0.9999436619718309
00	0.98
00	1.0
00	1.0
00	1.0
00	1.0
00	1.0
00	1.0
00	1.0
00	1.0
00	1.0
00	0.999973474801061
00	1.0
00	1.0
00	1.0
00	1.0
00	1.0
00	1.0
00	0.9999723756906077
00	1.0
00	1.0
00	1.0
00	1.0
00	0.96
00	1.0
00	1.0
00	1.0
00	1.0
00	1.0
00	1.0
00	1.0
00	1.0
00	1.0
00	1.0
00	1.0
00	1.0
00	1.0
00	1.0
00	1.0
00	0.9972297834431981
00	1.0
00	1.0
00	1.0
00	1.0
00	1.0
00	1.0
00	1.0
00	1.0
00	1.0
00	1.0
00	1.0
00	1.0
00	1.0
00	1.0
00	1.0
00	1.0
00	1.0
00	1.0
00	1.0
00	1.0
00	1.0
00	1.0
00	1.0
00	1.0
00	0.9999705882352942
00	0.96
00	0.99
00	0.99915701043626
00	1.0
00	0.99
00	1.0
00	1.0
00	1.0
00	1.0
00	1.0
00	1.0
00	1.0
00	1.0
00	1.0
00	1.0
00	1.0
00	1.0
00	1.0
00	1.0
00	1.0
00	1.0
00	1.0
00	1.0
00	1.0
00	1.0
00	0.99
00	1.0
00	1.0
00	1.0
00	0.96
00	1.0
00	1.0
00	0.95
00	1.0
00	1.0
00	1.0
00	0.99
00	1.0
00	1.0
00	1.0
00	1.0
00	1.0
00	1.0
00	1.0
00	1.0
00	1.0
00	1.0
00	1.0
00	1.0
00	1.0
00	0.9972297834431981
00	1.0
00	1.0
00	1.0
00	0.9972297834431981
00	1.0
00	0.9993565933654485
00	1.0
00	0.9999739583333332
00	0.9972297834431981
00	1.0
00	1.0
00	1.0
00	0.9972297834431981
00	0.9972297834431981
00	1.0
00	1.0
00	1.0
00	1.0
00	1.0
00	1.0
00	1.0
00	1.0
00	1.0
00	1.0
00	1.0
00	1.0
00	1.0
00	0.99
00	0.9999717514124293
00	1.0
00	1.0
00	1.0
00	1.0
00	1.0
00	1.0
00	0.96
00	1.0
00	1.0
00	1.0
00	0.9974423545215657
00	1.0
00	1.0
00	1.0
00	1.0
00	1.0
00	1.0
00	1.0
00	1.0
00	1.0
00	1.0
00	0.9974423545215657
00	1.0
00	1.0
00	1.0
00	1.0
00	1.0
00	1.0
00	1.0
00	1.0
00	1.0
00	0.9997708444251597
00	1.0
00	1.0
00	1.0
00	1.0
00	1.0
00	1.0
00	1.0
00	1.0
00	1.0
00	1.0
00	0.99961783063477
00	1.0
00	1.0
00	1.0
00	1.0
00	1.0
00	1.0
00	0.9999460916442048
00	1.0
00	1.0
00	1.0
00	0.9997482756220293
00	0.97
00	1.0
00	0.9796529805562553
00	1.0
00	1.0
00	1.0
00	1.0
00	1.0
00	1.0
00	1.0
00	1.0
00	1.0
00	1.0
00	1.0
00	1.0
00	1.0
00	1.0
00	1.0
00	0.99
00	1.0
00	1.0
00	1.0
00	0.98
00	1.0
00	0.97
00	1.0
00	1.0
00	1.0
00	1.0
00	1.0
00	1.0
00	1.0
00	1.0
00	1.0
00	1.0
00	1.0
00	1.0
00	0.98
00	1.0
00	1.0
00	1.0
00	1.0
00	1.0
00	1.0
00	1.0
00	1.0
00	1.0
00	1.0
00	0.96
00	1.0
00	1.0
00	0.9974423545215657
00	0.9999136274802081
00	1.0
00	1.0
00	1.0
00	1.0
00	1.0
00	1.0
00	1.0
00	1.0
00	1.0
00	1.0
00	1.0
00	1.0
00	1.0
00	1.0
00	1.0
00	1.0
00	1.0
00	1.0
00	1.0
00	1.0
00	1.0
00	1.0
00	1.0
00	1.0
00	0.9974423545215657
00	0.9974423545215657
00	0.9990512228890489
00	1.0
00	1.0
00	0.97
00	1.0
00	1.0
00	1.0
00	1.0
00	1.0
00	1.0
00	1.0
00	1.0
00	1.0
00	1.0
00	0.999893866178995
00	1.0
00	1.0
00	1.0
00	1.0
00	1.0
00	0.9997674457297685
00	1.0
00	1.0
00	1.0
00	1.0
00	1.0
00	1.0
00	1.0
00	1.0
00	1.0
00	1.0
00	0.9999729729729729
00	1.0
00	0.9994599908400492
00	0.9974423545215657
00	0.97
00	1.0
00	1.0
00	1.0
00	0.8793685464458513
00	0.93
00	1.0
00	1.0
00	1.0
00	1.0
00	1.0
00	0.9999722222222222
00	1.0
00	1.0
00	0.9999094531611342
00	1.0
00	1.0
00	1.0
00	1.0
00	1.0
00	1.0
00	1.0
00	0.9997707575675517
00	1.0
00	0.9998839410496854
00	1.0
00	1.0
00	1.0
00	0.97
00	1.0
00	1.0
00	1.0
00	0.9999685534591195
00	1.0
00	1.0
00	1.0
00	1.0
00	1.0
00	1.0
00	1.0
00	1.0
00	1.0
00	0.9997098731422243
00	1.0
00	0.9895361990976085
00	1.0
00	1.0
00	1.0
00	1.0
00	1.0
00	1.0
00	1.0
00	1.0
00	1.0
00	1.0
00	1.0
00	0.98
00	1.0
00	1.0
00	1.0
00	1.0
00	1.0
00	1.0
00	1.0
00	1.0
00	1.0
00	1.0
00	1.0
00	1.0
00	0.99
00	1.0
00	1.0
00	1.0
00	1.0
00	0.97
00	1.0
00	1.0
00	1.0
00	0.9998870649615066
00	0.9974423545215657
00	1.0
00	1.0
00	1.0
00	1.0
00	0.9999705014749263
00	1.0
00	1.0
00	0.9974423545215657
00	1.0
00	1.0
00	0.96
00	1.0
00	1.0
00	1.0
00	1.0
00	1.0
00	1.0
00	1.0
00	0.9993717359484054
00	1.0
00	1.0
00	1.0
00	1.0
00	1.0
00	1.0
00	0.9974423545215657
00	1.0
00	0.99
00	1.0
00	1.0
00	1.0
00	1.0
00	1.0
00	1.0
00	0.9974423545215657
00	0.99
00	1.0
00	1.0
00	1.0
00	1.0
00	1.0
00	1.0
00	1.0
00	0.9974423545215657
00	1.0
00	1.0
00	1.0
00	0.9974423545215657
00	1.0
00	0.99
00	1.0
00	1.0
00	1.0
00	1.0
00	1.0
00	1.0
00	1.0
00	1.0
00	1.0
00	1.0
00	1.0
00	1.0
00	1.0
00	1.0
00	1.0
00	1.0
00	1.0
00	0.9999139409216885
00	1.0
00	1.0
00	1.0
00	1.0
00	1.0
00	1.0
00	1.0
00	1.0
00	1.0
00	1.0
00	1.0
00	1.0
00	1.0
00	1.0
00	1.0
00	1.0
00	1.0
00	1.0
00	1.0
00	1.0
00	1.0
00	0.9999132105417032
00	1.0
00	1.0
00	0.9494864603073438
00	1.0
00	1.0
00	1.0
00	1.0
00	1.0
00	0.9974423545215657
00	1.0
00	1.0
00	1.0
00	1.0
00	1.0
00	1.0
00	1.0
00	0.9998057620123499
00	1.0
00	1.0
00	1.0
00	1.0
00	1.0
00	0.9998837267997507
00	0.9974423545215657
00	0.9974423545215657
00	0.9996851901252113
00	0.9988075502798383
00	0.91
00	1.0
00	1.0
00	1.0
00	1.0
00	1.0
00	1.0
00	1.0
00	1.0
00	1.0
00	1.0
00	1.0
00	1.0
00	0.9974423545215657
00	1.0
00	0.9974423545215657
00	1.0
00	1.0
00	1.0
00	1.0
00	1.0
00	1.0
00	1.0
00	1.0
00	1.0
00	1.0
00	0.99
00	1.0
00	1.0
00	1.0
00	1.0
00	1.0
00	1.0
00	1.0
00	1.0
00	1.0
00	0.9974423545215657
00	1.0
00	1.0
00	1.0
00	0.9974423545215657
00	1.0
00	1.0
00	1.0
00	1.0
00	1.0
00	1.0
00	1.0
00	1.0
00	1.0
00	1.0
00	1.0
00	1.0
00	1.0
00	1.0
00	1.0
00	1.0
00	1.0
00	1.0
00	1.0
00	1.0
00	1.0
00	1.0
00	0.9999395770392749
00	1.0
00	1.0
00	1.0
00	1.0
00	1.0
00	1.0
00	1.0
00	0.99
00	1.0
00	1.0
00	1.0
00	1.0
00	1.0
00	1.0
00	1.0
00	1.0
00	0.9974423545215657
00	1.0
00	1.0
00	1.0
00	1.0
00	1.0
00	1.0
00	1.0
00	1.0
00	1.0
00	1.0
00	1.0
00	0.99
00	1.0
00	1.0
00	1.0
00	1.0
00	1.0
00	0.98
00	1.0
00	1.0
00	0.97
00	1.0
00	1.0
00	1.0
00	1.0
00	0.9990583858821929
00	1.0
00	1.0
00	1.0
00	1.0
00	1.0
00	1.0
00	1.0
00	1.0
00	1.0
00	1.0
00	0.9999119651293615
00	1.0
00	1.0
00	1.0
00	1.0
00	1.0
00	1.0
00	1.0
00	1.0
00	1.0
00	1.0
00	1.0
00	1.0
00	1.0
00	1.0
00	1.0
00	1.0
00	1.0
00	1.0
00	1.0
00	1.0
00	0.99
00	1.0
00	0.99
00	1.0
00	1.0
00	1.0
00	1.0
00	1.0
00	1.0
00	1.0
00	1.0
00	1.0
00	1.0
00	0.95
00	1.0
00	1.0
00	1.0
00	1.0
00	1.0
00	0.98
00	1.0
00	1.0
00	1.0
00	1.0
00	0.94
00	1.0
00	1.0
00	1.0
00	1.0
00	1.0
00	1.0
00	1.0
00	1.0
00	1.0
00	1.0
00	1.0
00	1.0
00	1.0
00	1.0
00	1.0
00	1.0
00	1.0
00	1.0
00	1.0
00	1.0
00	0.9974423545215657
00	1.0
00	1.0
00	1.0
00	1.0
00	1.0
00	1.0
00	1.0
00	1.0
00	1.0
00	1.0
00	1.0
00	1.0
00	1.0
00	1.0
00	1.0
00	0.96
00	0.999893866178995
00	1.0
00	1.0
00	1.0
00	0.9998882681564245
00	1.0
00	1.0
00	1.0
00	0.99
00	1.0
00	1.0
00	0.9994765103806005
00	0.949943342776204
00	1.0
00	1.0
00	1.0
00	0.9998573057923249
00	0.9974423545215657
00	1.0
00	1.0
00	1.0
00	1.0
00	1.0
00	1.0
00	1.0
00	1.0
00	1.0
00	0.9999427935285179
00	1.0
00	1.0
00	1.0
00	1.0
00	1.0
00	1.0
00	1.0
00	1.0
00	1.0
00	1.0
00	1.0
00	1.0
00	1.0
00	0.99
00	0.98
00	1.0
00	1.0
00	1.0
00	1.0
00	1.0
00	1.0
00	1.0
00	1.0
00	1.0
00	1.0
00	1.0
00	1.0
00	1.0
00	1.0
00	1.0
00	1.0
00	1.0
00	1.0
00	1.0
00	1.0
00	1.0
00	1.0
00	1.0
00	1.0
00	1.0
00	1.0
00	1.0
00	1.0
00	1.0
00	1.0
00	0.99
00	1.0
00	1.0
00	1.0
00	0.9974423545215657
00	1.0
00	0.9974423545215657
00	0.99
00	0.9999417178433064
00	1.0
00	0.9974423545215657
00	0.9974423545215657
00	1.0
00	1.0
00	0.9974423545215657
00	1.0
00	1.0
00	1.0
00	1.0
00	1.0
00	0.97
00	1.0
00	0.9988790635338443
00	0.9974423545215657
00	1.0
00	1.0
00	1.0
00	1.0
00	1.0
00	1.0
00	0.9974423545215657
00	1.0
00	0.94
00	1.0
00	1.0
00	1.0
00	1.0
00	1.0
00	0.99
00	1.0
00	1.0
00	0.9998494363929146
00	0.9999124649859944
00	1.0
00	1.0
00	1.0
00	1.0
00	1.0
00	1.0
00	0.9998825559074379
00	1.0
00	0.95
00	1.0
00	1.0
00	0.9996995878921108
00	1.0
00	1.0
00	1.0
00	1.0
00	1.0
00	1.0
00	1.0
00	0.9999469436293654
00	1.0
00	1.0
00	1.0
00	1.0
00	1.0
00	1.0
00	1.0
00	1.0
00	1.0
00	1.0
00	1.0
00	1.0
00	1.0
00	1.0
00	0.9997136260169406
00	0.9974423545215657
00	0.9974423545215657
00	1.0
00	1.0
00	1.0
00	1.0
00	1.0
00	1.0
00	0.999677688550932
00	1.0
00	1.0
00	1.0
00	1.0
00	1.0
00	1.0
00	1.0
00	1.0
00	1.0
00	0.9974423545215657
00	1.0
00	1.0
00	1.0
00	1.0
00	1.0
00	1.0
00	0.9996828461151972
00	1.0
00	1.0
00	0.99
00	1.0
00	0.98
00	1.0
00	1.0
00	1.0
00	1.0
00	1.0
00	1.0
00	1.0
00	1.0
00	1.0
00	1.0
00	1.0
00	1.0
00	1.0
00	1.0
00	1.0
00	1.0
00	1.0
00	1.0
00	1.0
00	0.99
00	1.0
00	1.0
00	1.0
00	1.0
00	1.0
00	1.0
00	1.0
00	1.0
00	1.0
00	1.0
00	1.0
00	1.0
00	1.0
00	1.0
00	1.0
00	1.0
00	1.0
00	1.0
00	1.0
00	1.0
00	1.0
00	1.0
00	1.0
00	0.97
00	0.9981884060934023
00	1.0
00	1.0
00	1.0
00	1.0
00	1.0
00	1.0
00	1.0
00	1.0
00	1.0
00	1.0
00	1.0
00	1.0
00	1.0
00	1.0
00	1.0
00	1.0
00	1.0
00	0.9974423545215657
00	1.0
00	1.0
00	1.0
00	1.0
00	1.0
00	1.0
00	1.0
00	1.0
00	1.0
00	1.0
00	1.0
00	1.0
00	1.0
00	1.0
00	0.98
00	0.95
00	1.0
00	0.9974423545215657
00	1.0
00	1.0
00	1.0
00	1.0
00	1.0
00	1.0
00	1.0
00	1.0
00	1.0
00	1.0
00	1.0
00	1.0
00	1.0
00	1.0
00	1.0
00	1.0
00	1.0
00	1.0
00	0.99
00	0.9995721090104375
00	0.96
00	0.9999392130857649
00	1.0
00	0.999943342776204
00	1.0
00	1.0
00	0.96
00	1.0
00	0.9974423545215657
00	1.0
00	1.0
00	1.0
00	1.0
00	1.0
00	1.0
00	1.0
00	1.0
00	1.0
00	1.0
00	1.0
00	1.0
00	1.0
00	1.0
00	1.0
00	1.0
00	1.0
00	1.0
00	1.0
00	1.0
00	1.0
00	1.0
00	1.0
00	1.0
00	1.0
00	1.0
00	1.0
00	1.0
00	1.0
00	1.0
00	1.0
00	1.0
00	1.0
00	1.0
00	1.0
00	1.0
00	1.0
00	0.9974423545215657
00	1.0
00	1.0
00	1.0
00	1.0
00	1.0
00	1.0
00	0.98
00	1.0
00	1.0
00	1.0
00	1.0
00	1.0
00	1.0
00	1.0
00	1.0
00	0.95
00	0.99
00	1.0
00	1.0
00	0.9974423545215657
00	1.0
00	1.0
00	1.0
00	1.0
00	1.0
00	1.0
00	0.99
00	1.0
00	1.0
00	0.96
00	1.0
00	1.0
00	1.0
00	1.0
00	1.0
00	1.0
00	1.0
00	0.9998529328041886
00	0.9999369889656268
00	1.0
00	1.0
00	1.0
00	1.0
00	0.98
00	1.0
00	1.0
00	1.0
00	1.0
00	1.0
00	0.9974423545215657
00	1.0
00	1.0
00	1.0
00	0.98
00	1.0
00	1.0
00	0.97
00	1.0
00	1.0
00	1.0
00	1.0
00	1.0
00	1.0
00	1.0
00	0.999893866178995
00	1.0
00	1.0
00	1.0
00	1.0
00	1.0
00	1.0
00	1.0
00	1.0
00	1.0
00	1.0
00	1.0
00	1.0
00	1.0
00	1.0
00	1.0
00	0.98
00	1.0
00	1.0
00	1.0
00	1.0
00	0.99
00	0.98
00	1.0
00	1.0
00	0.99
00	1.0
00	1.0
00	1.0
00	1.0
00	1.0
00	1.0
00	1.0
00	1.0
00	1.0
00	1.0
00	1.0
00	1.0
00	1.0
00	0.9974423545215657
00	0.86
00	1.0
00	0.9974423545215657
00	1.0
00	1.0
00	1.0
00	0.9974423545215657
00	1.0
00	1.0
00	1.0
00	1.0
00	1.0
00	1.0
00	0.9898882681564245
00	1.0
00	1.0
00	1.0
00	1.0
00	1.0
00	1.0
00	1.0
00	1.0
00	1.0
00	1.0
00	1.0
00	1.0
00	1.0
00	0.99
00	0.9974423545215657
00	1.0
00	1.0
00	1.0
00	1.0
00	0.97
00	1.0
00	0.9974423545215657
00	1.0
00	1.0
00	1.0
00	1.0
00	1.0
00	1.0
00	1.0
00	0.99
00	0.9996269323291043
00	1.0
00	1.0
00	1.0
00	1.0
00	1.0
00	1.0
00	0.9974423545215657
00	1.0
00	0.99
00	1.0
00	1.0
00	0.97
00	1.0
00	1.0
00	1.0
00	1.0
00	0.9997997149849095
00	1.0
00	1.0
00	1.0
00	1.0
00	1.0
00	1.0
00	1.0
00	1.0
00	1.0
00	1.0
00	1.0
00	1.0
00	1.0
00	1.0
00	1.0
00	1.0
00	1.0
00	1.0
00	1.0
00	1.0
00	1.0
00	1.0
00	1.0
00	1.0
00	1.0
00	1.0
00	1.0
00	1.0
00	1.0
00	1.0
00	1.0
00	1.0
00	1.0
00	1.0
00	1.0
00	1.0
00	1.0
00	1.0
00	1.0
00	1.0
00	1.0
00	0.9974423545215657
00	1.0
00	1.0
00	1.0
00	1.0
00	1.0
00	1.0
00	1.0
00	1.0
00	0.99
00	1.0
00	1.0
00	1.0
00	1.0
00	1.0
00	1.0
00	1.0
00	1.0
00	1.0
00	1.0
00	1.0
00	1.0
00	1.0
00	1.0
00	1.0
00	1.0
00	1.0
00	1.0
00	1.0
00	1.0
00	0.98
00	1.0
00	1.0
00	1.0
00	1.0
00	1.0
00	1.0
00	1.0
00	1.0
00	1.0
00	1.0
00	1.0
00	0.99
00	1.0
00	1.0
00	1.0
00	0.9996668009932034
00	1.0
00	1.0
00	1.0
00	1.0
00	1.0
00	1.0
00	1.0
00	1.0
00	1.0
00	1.0
00	1.0
00	1.0
00	1.0
00	1.0
00	1.0
00	1.0
00	1.0
00	1.0
00	1.0
00	0.9974423545215657
00	1.0
00	1.0
00	1.0
00	1.0
00	1.0
00	1.0
00	0.95
00	0.97
00	0.9999462365591398
00	1.0
00	1.0
00	1.0
00	0.98
00	1.0
00	1.0
00	0.9979336397109181
00	1.0
00	1.0
00	1.0
00	1.0
00	1.0
00	1.0
00	1.0
00	1.0
00	1.0
00	1.0
00	1.0
00	1.0
00	1.0
00	1.0
00	1.0
00	1.0
00	1.0
00	1.0
00	1.0
00	1.0
00	1.0
00	0.98
00	1.0
00	0.9974423545215657
00	1.0
00	1.0
00	1.0
00	1.0
00	1.0
00	1.0
00	1.0
00	1.0
00	1.0
00	1.0
00	0.9974423545215657
00	0.9994884784850621
00	0.9997973893288308
00	1.0
00	1.0
00	1.0
00	1.0
00	1.0
00	0.9898507203053487
00	1.0
00	1.0
00	1.0
00	1.0
00	1.0
00	1.0
00	1.0
00	0.9997676021345303
00	1.0
00	1.0
00	1.0
00	1.0
00	1.0
00	1.0
00	0.9999704142011834
00	1.0
00	1.0
00	1.0
00	1.0
00	1.0
00	1.0
00	1.0
00	1.0
00	0.9995058750000919
00	0.99
00	1.0
00	0.9999423631123919
00	1.0
00	1.0
00	1.0
00	1.0
00	1.0
00	1.0
00	1.0
00	0.98
00	1.0
00	1.0
00	0.9974423545215657
00	0.9974423545215657
00	0.9999460916442048
00	1.0
00	0.9999420289855072
00	1.0
00	1.0
00	1.0
00	1.0
00	1.0
00	1.0
00	1.0
00	1.0
00	0.9974423545215657
00	1.0
00	1.0
00	1.0
00	1.0
00	1.0
00	0.99
00	1.0
00	0.9974423545215657
00	0.9974423545215657
00	1.0
00	1.0
00	1.0
00	1.0
00	1.0
00	1.0
00	1.0
00	1.0
00	1.0
00	1.0
00	1.0
00	1.0
00	1.0
00	1.0
00	1.0
00	1.0
00	1.0
00	1.0
00	0.9989246335195309
00	1.0
00	1.0
00	0.95
00	1.0
00	0.9974423545215657
00	1.0
00	1.0
00	1.0
00	0.9974423545215657
00	1.0
00	1.0
00	1.0
00	1.0
00	1.0
00	1.0
00	1.0
00	0.9974423545215657
00	1.0
00	1.0
00	1.0
00	1.0
00	1.0
00	1.0
00	1.0
00	1.0
00	1.0
00	0.99
00	1.0
00	1.0
00	0.96
00	1.0
00	1.0
00	0.93
00	0.9974423545215657
00	1.0
00	0.9992828651739827
00	1.0
00	1.0
00	1.0
00	1.0
00	1.0
00	0.98
00	1.0
00	1.0
00	0.9998337528821069
00	0.9999691358024692
00	0.9887662735739957
00	1.0
00	1.0
00	1.0
00	1.0
00	1.0
00	1.0
00	1.0
00	1.0
00	1.0
00	1.0
00	1.0
00	0.99
00	1.0
00	1.0
00	1.0
00	1.0
00	1.0
00	1.0
00	1.0
00	1.0
00	1.0
00	1.0
00	1.0
00	1.0
00	1.0
00	1.0
00	0.99
00	1.0
00	1.0
00	1.0
00	1.0
00	1.0
00	1.0
00	1.0
00	1.0
00	1.0
00	1.0
00	1.0
00	1.0
00	1.0
00	1.0
00	1.0
00	1.0
00	1.0
00	1.0
00	1.0
00	1.0
00	0.9995199206771423
00	1.0
00	1.0
00	1.0
00	1.0
00	1.0
00	1.0
00	0.9974423545215657
00	1.0
00	1.0
00	1.0
00	1.0
00	1.0
00	1.0
00	1.0
00	1.0
00	1.0
00	1.0
00	1.0
00	1.0
00	1.0
00	1.0
00	1.0
00	0.9974423545215657
00	1.0
00	0.9974423545215657
00	1.0
00	1.0
00	1.0
00	1.0
00	1.0
00	1.0
00	1.0
00	1.0
00	1.0
00	1.0
00	1.0
00	1.0
00	1.0
00	1.0
00	1.0
00	1.0
00	1.0
00	1.0
00	1.0
00	1.0
00	1.0
00	1.0
00	1.0
00	1.0
00	1.0
00	1.0
00	1.0
00	1.0
00	1.0
00	1.0
00	1.0
00	1.0
00	1.0
00	1.0
00	1.0
00	1.0
00	0.9997201948660804
00	1.0
00	1.0
00	1.0
00	1.0
00	1.0
00	1.0
00	1.0
00	1.0
00	1.0
00	1.0
00	1.0
00	1.0
00	1.0
00	1.0
00	0.9998551201239446
00	1.0
00	1.0
00	1.0
00	0.85
00	1.0
00	0.98
00	1.0
00	1.0
00	1.0
00	1.0
00	1.0
00	1.0
00	0.97
00	1.0
00	1.0
00	1.0
00	1.0
00	1.0
00	1.0
00	1.0
00	1.0
00	1.0
00	1.0
00	1.0
00	1.0
00	1.0
00	1.0
00	1.0
00	0.9974423545215657
00	1.0
00	1.0
00	1.0
00	1.0
00	0.98
00	1.0
00	1.0
00	1.0
00	1.0
00	1.0
00	1.0
00	1.0
00	1.0
00	1.0
00	1.0
00	1.0
00	1.0
00	1.0
00	1.0
00	1.0
00	1.0
00	1.0
00	1.0
00	1.0
00	1.0
00	1.0
00	1.0
00	1.0
00	1.0
00	1.0
00	1.0
00	1.0
00	1.0
00	1.0
00	0.9980508630563171
00	1.0
00	0.9999197179760635
00	1.0
00	1.0
00	1.0
00	0.99
00	1.0
00	1.0
00	1.0
00	1.0
00	0.9974423545215657
00	1.0
00	0.9974423545215657
00	1.0
00	0.96
00	0.9999484536082474
00	1.0
00	1.0
00	1.0
00	1.0
00	1.0
00	1.0
00	1.0
00	1.0
00	1.0
00	0.99
00	1.0
00	1.0
00	0.9974423545215657
00	1.0
00	1.0
00	1.0
00	0.9974423545215657
00	1.0
00	1.0
00	0.98
00	1.0
00	1.0
00	1.0
00	1.0
00	1.0
00	1.0
00	1.0
00	0.93
00	1.0
00	1.0
00	1.0
00	0.9999420289855072
00	1.0
00	0.9998287947254373
00	0.99
00	1.0
00	1.0
00	1.0
00	1.0
00	0.9993648686563655
00	1.0
00	1.0
00	1.0
00	1.0
00	1.0
00	1.0
00	1.0
00	0.9974423545215657
00	1.0
00	1.0
00	1.0
00	1.0
00	1.0
00	1.0
00	0.9998285138403904
00	1.0
00	1.0
00	1.0
00	1.0
00	1.0
00	1.0
00	1.0
00	1.0
00	0.9974423545215657
00	1.0
00	1.0
00	1.0
00	1.0
00	1.0
00	1.0
00	1.0
00	1.0
00	1.0
00	0.99
00	1.0
00	1.0
00	1.0
00	0.98
00	1.0
00	1.0
00	0.9974423545215657
00	1.0
00	0.9974423545215657
00	0.999971671388102
00	1.0
00	0.9974423545215657
00	1.0
00	1.0
00	1.0
00	1.0
00	1.0
00	1.0
00	1.0
00	1.0
00	1.0
00	1.0
00	1.0
00	1.0
00	1.0
00	1.0
00	1.0
00	1.0
00	0.9977528057637691
00	0.9974423545215657
00	1.0
00	1.0
00	1.0
00	1.0
00	0.98
00	1.0
00	0.9998651305468111
00	1.0
00	0.9974423545215657
00	0.99
00	0.999971181556196
00	1.0
00	1.0
00	1.0
00	1.0
00	1.0
00	1.0
00	1.0
00	1.0
00	1.0
00	0.9899142512077295
00	1.0
00	1.0
00	1.0
00	1.0
00	1.0
00	0.99
00	1.0
00	1.0
00	1.0
00	1.0
00	1.0
00	0.97
00	1.0
00	1.0
00	1.0
00	1.0
00	1.0
00	0.9992845273808545
00	1.0
00	1.0
00	0.9974423545215657
00	1.0
00	0.99
00	1.0
00	1.0
00	1.0
00	1.0
00	1.0
00	1.0
00	1.0
00	1.0
00	1.0
00	1.0
00	1.0
00	1.0
00	1.0
00	1.0
00	1.0
00	1.0
00	1.0
00	1.0
00	0.99
00	0.9990153632427571
00	0.999685854199088
00	1.0
00	1.0
00	1.0
00	1.0
00	1.0
00	1.0
00	1.0
00	1.0
00	1.0
00	1.0
00	1.0
00	1.0
00	1.0
00	0.99
00	0.99
00	1.0
00	1.0
00	1.0
00	1.0
00	1.0
00	1.0
00	1.0
00	1.0
00	1.0
00	0.9974423545215657
00	1.0
00	1.0
00	1.0
00	0.98
00	1.0
00	1.0
00	1.0
00	1.0
00	1.0
00	1.0
00	1.0
00	1.0
00	1.0
00	1.0
00	1.0
00	0.9796486394465788
00	0.9990132337250085
00	1.0
00	1.0
00	1.0
00	1.0
00	0.9974423545215657
00	0.9974423545215657
00	1.0
00	1.0
00	1.0
00	1.0
00	1.0
00	1.0
00	1.0
00	1.0
00	1.0
00	1.0
00	1.0
00	1.0
00	1.0
00	1.0
00	1.0
00	1.0
00	1.0
00	0.9974423545215657
00	1.0
00	0.9974423545215657
00	1.0
00	1.0
00	1.0
00	1.0
00	1.0
00	1.0
00	1.0
00	1.0
00	1.0
00	1.0
00	1.0
00	1.0
00	1.0
00	1.0
00	1.0
00	1.0
00	1.0
00	1.0
00	1.0
00	1.0
00	1.0
00	1.0
00	0.97
00	1.0
00	1.0
00	1.0
00	1.0
00	1.0
00	1.0
00	1.0
00	1.0
00	1.0
00	1.0
00	1.0
00	1.0
00	1.0
00	1.0
00	0.9974423545215657
00	1.0
00	1.0
00	1.0
00	1.0
00	0.9974423545215657
00	0.9974423545215657
00	1.0
00	0.9974423545215657
00	1.0
00	1.0
00	1.0
00	1.0
00	1.0
00	1.0
00	1.0
00	1.0
00	1.0
00	1.0
00	1.0
00	1.0
00	1.0
00	1.0
00	1.0
00	1.0
00	1.0
00	1.0
00	1.0
00	1.0
00	1.0
00	1.0
00	1.0
00	1.0
00	1.0
00	0.9974423545215657
00	1.0
00	0.99
00	1.0
00	1.0
00	1.0
00	1.0
00	1.0
00	1.0
00	1.0
00	1.0
00	1.0
00	1.0
00	1.0
00	1.0
00	1.0
00	1.0
00	1.0
00	1.0
00	1.0
00	1.0
00	1.0
00	1.0
00	1.0
00	1.0
00	1.0
00	1.0
00	1.0
00	1.0
00	1.0
00	1.0
00	1.0
00	1.0
00	1.0
00	1.0
00	1.0
00	1.0
00	1.0
00	1.0
00	1.0
00	1.0
00	1.0
00	1.0
00	0.94
00	1.0
00	1.0
00	1.0
00	0.91
00	1.0
00	1.0
00	1.0
00	1.0
00	1.0
00	0.99
00	1.0
00	1.0
00	1.0
00	1.0
00	1.0
00	1.0
00	1.0
00	1.0
00	1.0
00	0.9990811074973791
00	1.0
00	1.0
00	1.0
00	1.0
00	0.9974423545215657
00	1.0
00	1.0
00	1.0
00	1.0
00	1.0
00	0.9974423545215657
00	1.0
00	0.9974423545215657
00	1.0
00	1.0
00	1.0
00	1.0
00	1.0
00	1.0
00	1.0
00	1.0
00	1.0
00	1.0
00	1.0
00	1.0
00	0.99
00	1.0
00	1.0
00	1.0
00	1.0
00	1.0
00	0.9998594497126205
00	1.0
00	1.0
00	1.0
00	1.0
00	1.0
00	1.0
00	1.0
00	1.0
00	1.0
00	1.0
00	1.0
00	1.0
00	1.0
00	0.98
00	1.0
00	1.0
00	1.0
00	1.0
00	1.0
00	1.0
00	0.9998500938589434
00	1.0
00	1.0
00	1.0
00	1.0
00	1.0
00	1.0
00	1.0
00	1.0
00	1.0
00	0.96
00	0.9
00	1.0
00	1.0
00	1.0
00	1.0
00	1.0
00	1.0
00	1.0
00	1.0
00	1.0
00	0.9974423545215657
00	1.0
00	1.0
00	0.99
00	1.0
00	1.0
00	1.0
00	1.0
00	1.0
00	1.0
00	1.0
00	1.0
00	1.0
00	1.0
00	1.0
00	0.9995148564352446
00	1.0
00	1.0
00	1.0
00	0.9974423545215657
00	1.0
00	1.0
00	1.0
00	1.0
00	0.9989741225162616
00	1.0
00	1.0
00	1.0
00	1.0
00	1.0
00	1.0
00	1.0
00	1.0
00	0.99
00	1.0
00	1.0
00	1.0
00	1.0
00	1.0
00	0.99
00	1.0
00	1.0
00	1.0
00	1.0
00	0.9992191092464239
00	0.9996498672033347
00	1.0
00	1.0
00	1.0
00	1.0
00	1.0
00	1.0
00	1.0
00	1.0
00	0.97
00	1.0
00	1.0
00	1.0
00	1.0
00	1.0
00	1.0
00	1.0
00	1.0
00	1.0
00	1.0
00	1.0
00	1.0
00	1.0
00	1.0
00	1.0
00	1.0
00	1.0
00	1.0
00	1.0
00	1.0
00	1.0
00	1.0
00	1.0
00	1.0
00	1.0
00	1.0
00	1.0
00	1.0
00	1.0
00	1.0
00	1.0
00	1.0
00	1.0
00	1.0
00	1.0
00	1.0
00	1.0
00	1.0
00	1.0
00	1.0
00	1.0
00	1.0
00	1.0
00	1.0
00	1.0
00	1.0
00	1.0
00	1.0
00	1.0
00	1.0
00	1.0
00	1.0
00	1.0
00	1.0
00	1.0
00	0.96
00	0.9499671052631578
00	0.9942146325630449
00	1.0
00	1.0
00	1.0
00	0.93
00	1.0
00	1.0
00	0.9699164978203476
00	1.0
00	1.0
00	1.0
00	1.0
00	1.0
00	1.0
00	1.0
00	1.0
00	1.0
00	1.0
00	1.0
00	1.0
00	1.0
00	1.0
00	1.0
00	1.0
00	1.0
00	1.0
00	1.0
00	1.0
00	1.0
00	1.0
00	1.0
00	1.0
00	1.0
00	1.0
00	1.0
00	0.99862641039751
00	1.0
00	0.9942146325630449
00	1.0
00	1.0
00	1.0
00	0.98
00	1.0
00	1.0
00	1.0
00	0.94
00	1.0
00	1.0
00	1.0
00	1.0
00	1.0
00	1.0
00	1.0
00	1.0
00	1.0
00	1.0
00	1.0
00	0.9889616047631625
00	1.0
00	1.0
00	1.0
00	1.0
00	1.0
00	1.0
00	1.0
00	1.0
00	0.9942146325630449
00	1.0
00	1.0
00	1.0
00	1.0
00	1.0
00	1.0
00	1.0
00	0.9942146325630449
00	1.0
00	1.0
00	0.9942146325630449
00	0.9942146325630449
00	0.92
00	1.0
00	0.9396414298046742
00	0.99
00	1.0
00	1.0
00	1.0
00	1.0
00	1.0
00	1.0
00	1.0
00	1.0
00	1.0
00	1.0
00	1.0
00	1.0
00	1.0
00	1.0
00	1.0
00	1.0
00	1.0
00	1.0
00	0.9974208604405923
00	0.99
00	1.0
00	1.0
00	1.0
00	1.0
00	1.0
00	1.0
00	1.0
00	1.0
00	0.9942146325630449
00	1.0
00	1.0
00	1.0
00	1.0
00	1.0
00	1.0
00	1.0
00	0.94
00	1.0
00	1.0
00	1.0
00	1.0
00	1.0
00	0.98
00	0.98
00	1.0
00	1.0
00	1.0
00	1.0
00	1.0
00	1.0
00	0.9942146325630449
00	1.0
00	1.0
00	1.0
00	1.0
00	1.0
00	1.0
00	1.0
00	0.999939393939394
00	1.0
00	1.0
00	0.99
00	1.0
00	1.0
00	1.0
00	1.0
00	0.99991011042098
00	1.0
00	1.0
00	1.0
00	1.0
00	1.0
00	1.0
00	0.9995279082302637
00	1.0
00	1.0
00	0.9942146325630449
00	0.97
00	0.94
00	1.0
00	0.969939393939394
00	0.9098827367155979
00	1.0
00	1.0
00	1.0
00	0.9942146325630449
00	1.0
00	1.0
00	0.9990706448630741
00	1.0
00	1.0
00	1.0
00	0.9995308953444719
00	1.0
00	0.999601851349357
00	1.0
00	1.0
00	0.9889180094072445
00	0.9942146325630449
00	1.0
00	1.0
00	1.0
00	1.0
00	1.0
00	0.9988854695861302
00	0.9988639205253622
00	1.0
00	0.99
00	1.0
00	1.0
00	1.0
00	1.0
00	1.0
00	1.0
00	1.0
00	1.0
00	1.0
00	1.0
00	0.9996419854506101
00	1.0
00	1.0
00	1.0
00	1.0
00	0.95
00	0.9942146325630449
00	0.9899719887955182
00	1.0
00	1.0
00	1.0
00	1.0
00	0.9942146325630449
00	1.0
00	1.0
00	1.0
00	1.0
00	1.0
00	1.0
00	1.0
00	1.0
00	1.0
00	1.0
00	1.0
00	1.0
00	1.0
00	1.0
00	1.0
00	0.92
00	1.0
00	0.9942146325630449
00	0.99
00	1.0
00	1.0
00	1.0
00	0.9942146325630449
00	1.0
00	1.0
00	1.0
00	0.95
00	1.0
00	1.0
00	1.0
00	1.0
00	1.0
00	0.98
00	1.0
00	1.0
00	1.0
00	1.0
00	1.0
00	1.0
00	1.0
00	1.0
00	0.99
00	0.99
00	1.0
00	1.0
00	1.0
00	1.0
00	1.0
00	1.0
00	1.0
00	1.0
00	1.0
00	1.0
00	1.0
00	1.0
00	1.0
00	1.0
00	1.0
00	1.0
00	1.0
00	1.0
00	1.0
00	1.0
00	1.0
00	0.96
00	0.99
00	1.0
00	0.9942146325630449
00	1.0
00	0.98
00	0.98
00	1.0
00	1.0
00	1.0
00	1.0
00	0.95
00	1.0
00	1.0
00	0.98
00	1.0
00	1.0
00	0.9942146325630449
00	1.0
00	1.0
00	1.0
00	1.0
00	1.0
00	1.0
00	1.0
00	1.0
00	1.0
00	1.0
00	1.0
00	1.0
00	0.75
00	1.0
00	1.0
00	1.0
00	1.0
00	0.9983167274139393
00	0.99
00	0.999750427663734
00	0.9997225725105308
00	1.0
00	1.0
00	0.9946987877297002
00	0.9999378881987577
00	1.0
00	0.9898496432135728
00	1.0
00	1.0
00	1.0
00	1.0
00	1.0
00	1.0
00	1.0
00	1.0
00	1.0
00	0.9942146325630449
00	1.0
00	0.9942146325630449
00	1.0
00	1.0
00	0.95
00	1.0
00	1.0
00	1.0
00	1.0
00	1.0
00	1.0
00	1.0
00	1.0
00	1.0
00	1.0
00	1.0
00	1.0
00	1.0
00	1.0
00	1.0
00	1.0
00	1.0
00	1.0
00	1.0
00	1.0
00	1.0
00	0.9942146325630449
00	1.0
00	0.97
00	1.0
00	1.0
00	0.9998472872868495
00	0.9998924731182796
00	1.0
00	1.0
00	1.0
00	1.0
00	1.0
00	1.0
00	0.9942146325630449
00	1.0
00	1.0
00	1.0
00	1.0
00	1.0
00	1.0
00	1.0
00	1.0
00	0.9942146325630449
00	1.0
00	1.0
00	1.0
00	1.0
00	1.0
00	1.0
00	1.0
00	1.0
00	0.99
00	1.0
00	1.0
00	1.0
00	1.0
00	1.0
00	1.0
00	1.0
00	0.9942146325630449
00	0.99
00	1.0
00	0.94
00	0.9942146325630449
00	1.0
00	1.0
00	0.97
00	1.0
00	1.0
00	0.9899410029498525
00	1.0
00	1.0
00	1.0
00	0.99
00	1.0
00	1.0
00	0.9994617746698254
00	1.0
00	1.0
00	1.0
00	0.99
00	1.0
00	0.98
00	1.0
00	1.0
00	1.0
00	1.0
00	1.0
00	1.0
00	1.0
00	1.0
00	1.0
00	1.0
00	1.0
00	1.0
00	1.0
00	1.0
00	1.0
00	1.0
00	0.99
00	1.0
00	1.0
00	1.0
00	1.0
00	1.0
00	0.98
00	0.9999382716049382
00	1.0
00	1.0
00	1.0
00	0.9942146325630449
00	1.0
00	1.0
00	0.9981294644925051
00	1.0
00	1.0
00	1.0
00	1.0
00	1.0
00	1.0
00	1.0
00	0.99
00	1.0
00	1.0
00	1.0
00	0.99
00	0.99
00	1.0
00	1.0
00	1.0
00	1.0
00	0.98
00	1.0
00	1.0
00	1.0
00	1.0
00	0.98
00	1.0
00	0.97
00	0.96
00	1.0
00	0.9998595505617978
00	1.0
00	1.0
00	1.0
00	1.0
00	1.0
00	1.0
00	1.0
00	1.0
00	0.99
00	1.0
00	1.0
00	1.0
00	1.0
00	1.0
00	1.0
00	1.0
00	1.0
00	1.0
00	1.0
00	0.9999165151515151
00	0.9999382716049382
00	1.0
00	0.9942146325630449
00	1.0
00	1.0
00	1.0
00	1.0
00	0.9997888961434183
00	1.0
00	1.0
00	1.0
00	1.0
00	1.0
00	1.0
00	1.0
00	0.9942146325630449
00	1.0
00	1.0
00	0.9999378881987577
00	1.0
00	1.0
00	1.0
00	1.0
00	1.0
00	1.0
00	1.0
00	0.9942146325630449
00	0.99
00	1.0
00	1.0
00	1.0
00	1.0
00	1.0
00	1.0
00	1.0
00	1.0
00	0.99
00	1.0
00	1.0
00	0.9942146325630449
00	1.0
00	1.0
00	1.0
00	1.0
00	1.0
00	1.0
00	0.94
00	1.0
00	1.0
00	1.0
00	1.0
00	1.0
00	1.0
00	1.0
00	1.0
00	0.98
00	0.99
00	1.0
00	1.0
00	1.0
00	1.0
00	1.0
00	1.0
00	1.0
00	1.0
00	1.0
00	1.0
00	1.0
00	1.0
00	1.0
00	1.0
00	1.0
00	1.0
00	1.0
00	1.0
00	1.0
00	1.0
00	1.0
00	0.998224658076122
00	0.9998816568047337
00	0.99
00	1.0
00	1.0
00	1.0
00	1.0
00	0.9998772274066099
00	1.0
00	0.9998488959829741
00	1.0
00	1.0
00	0.9942146325630449
00	1.0
00	1.0
00	1.0
00	1.0
00	1.0
00	1.0
00	1.0
00	1.0
00	1.0
00	1.0
00	1.0
00	1.0
00	1.0
00	1.0
00	1.0
00	0.98
00	1.0
00	1.0
00	0.9942146325630449
00	0.9942146325630449
00	0.9942146325630449
00	0.99
00	1.0
00	1.0
00	1.0
00	0.99
00	0.99
00	1.0
00	0.97
00	1.0
00	1.0
00	1.0
00	0.99
00	0.97
00	1.0
00	1.0
00	1.0
00	0.9942146325630449
00	1.0
00	1.0
00	1.0
00	1.0
00	0.92
00	1.0
00	1.0
00	1.0
00	1.0
00	1.0
00	1.0
00	1.0
00	1.0
00	0.9942146325630449
00	0.98
00	0.9942146325630449
00	0.9942146325630449
00	1.0
00	1.0
00	1.0
00	1.0
00	1.0
00	1.0
00	0.9942146325630449
00	1.0
00	1.0
00	1.0
00	1.0
00	1.0
00	1.0
00	1.0
00	1.0
00	1.0
00	1.0
00	1.0
00	1.0
00	0.9986637450326745
00	1.0
00	1.0
00	1.0
00	1.0
00	1.0
00	1.0
00	1.0
00	1.0
00	1.0
00	0.9995180798240115
00	1.0
00	1.0
00	1.0
00	1.0
00	1.0
00	1.0
00	1.0
00	1.0
00	1.0
00	1.0
00	1.0
00	1.0
00	1.0
00	0.99
00	1.0
00	1.0
00	1.0
00	1.0
00	1.0
00	1.0
00	1.0
00	0.9942146325630449
00	1.0
00	1.0
00	1.0
00	0.99
00	1.0
00	0.9995844467121713
00	0.9942146325630449
00	1.0
00	1.0
00	1.0
00	1.0
00	1.0
00	1.0
00	1.0
00	1.0
00	1.0
00	1.0
00	1.0
00	1.0
00	1.0
00	1.0
00	1.0
00	0.99
00	1.0
00	1.0
00	1.0
00	0.96
00	1.0
00	1.0
00	1.0
00	1.0
00	1.0
00	1.0
00	0.98
00	0.9895912313228632
00	1.0
00	1.0
00	1.0
00	0.98
00	1.0
00	1.0
00	1.0
00	1.0
00	1.0
00	1.0
00	1.0
00	1.0
00	1.0
00	1.0
00	1.0
00	1.0
00	1.0
00	1.0
00	1.0
00	1.0
00	1.0
00	1.0
00	1.0
00	1.0
00	1.0
00	1.0
00	0.99
00	1.0
00	1.0
00	1.0
00	1.0
00	1.0
00	0.9942146325630449
00	1.0
00	0.98
00	0.9891189692823475
00	1.0
00	1.0
00	0.99
00	1.0
00	1.0
00	1.0
00	1.0
00	1.0
00	1.0
00	1.0
00	1.0
00	0.98
00	1.0
00	1.0
00	1.0
00	1.0
00	1.0
00	1.0
00	1.0
00	1.0
00	1.0
00	1.0
00	0.9942146325630449
00	1.0
00	1.0
00	1.0
00	1.0
00	0.9942146325630449
00	0.97
00	1.0
00	1.0
00	1.0
00	0.9942146325630449
00	0.98
00	0.99
00	1.0
00	1.0
00	1.0
00	1.0
00	1.0
00	1.0
00	1.0
00	1.0
00	0.99
00	1.0
00	1.0
00	1.0
00	1.0
00	1.0
00	0.98
00	1.0
00	0.9997111512392166
00	1.0
00	1.0
00	0.93
00	1.0
00	1.0
00	1.0
00	1.0
00	0.9942146325630449
00	1.0
00	1.0
00	1.0
00	1.0
00	0.97
00	0.999474836336449
00	0.99
00	1.0
00	1.0
00	1.0
00	1.0
00	1.0
00	1.0
00	0.9997711023421038
00	1.0
00	1.0
00	1.0
00	0.9995827101327732
00	0.9974063119404646
00	1.0
00	1.0
00	1.0
00	1.0
00	1.0
00	1.0
00	0.8180397844217149
00	1.0
00	1.0
00	1.0
00	1.0
00	1.0
00	1.0
00	0.97
00	1.0
00	1.0
00	1.0
00	1.0
00	1.0
00	1.0
00	1.0
00	1.0
00	1.0
00	1.0
00	1.0
00	1.0
00	1.0
00	1.0
00	1.0
00	1.0
00	1.0
00	1.0
00	1.0
00	1.0
00	0.97
00	1.0
00	1.0
00	1.0
00	1.0
00	1.0
00	0.9942146325630449
00	1.0
00	1.0
00	1.0
00	1.0
00	1.0
00	1.0
00	1.0
00	1.0
00	1.0
00	1.0
00	1.0
00	1.0
00	0.99
00	1.0
00	1.0
00	1.0
00	1.0
00	1.0
00	1.0
00	1.0
00	1.0
00	1.0
00	1.0
00	1.0
00	0.9995087236090909
00	1.0
00	1.0
00	1.0
00	0.98
00	1.0
00	1.0
00	0.9995987705407821
00	0.9899166551866648
00	1.0
00	0.99
00	1.0
00	1.0
00	1.0
00	1.0
00	1.0
00	1.0
00	1.0
00	1.0
00	1.0
00	1.0
00	1.0
00	1.0
00	1.0
00	1.0
00	1.0
00	0.9999382716049382
00	1.0
00	1.0
00	1.0
00	1.0
00	1.0
00	1.0
00	1.0
00	1.0
00	0.97
00	1.0
00	1.0
00	1.0
00	1.0
00	1.0
00	0.9998510221926135
00	1.0
00	1.0
00	1.0
00	1.0
00	1.0
00	1.0
00	1.0
00	0.97
00	1.0
00	1.0
00	1.0
00	0.9998616089207486
00	0.99
00	1.0
00	1.0
00	1.0
00	1.0
00	1.0
00	1.0
00	1.0
00	1.0
00	1.0
00	1.0
00	1.0
00	1.0
00	1.0
00	1.0
00	0.9988530369796496
00	1.0
00	1.0
00	0.9998898071625344
00	1.0
00	1.0
00	1.0
00	1.0
00	1.0
00	0.82
00	1.0
00	0.94
00	1.0
00	1.0
00	0.99
00	1.0
00	1.0
00	1.0
00	1.0
00	1.0
00	1.0
00	1.0
00	1.0
00	1.0
00	1.0
00	1.0
00	0.99
00	0.9942146325630449
00	1.0
00	1.0
00	1.0
00	0.9942146325630449
00	1.0
00	1.0
00	1.0
00	1.0
00	1.0
00	1.0
00	1.0
00	1.0
00	1.0
00	1.0
00	1.0
00	1.0
00	0.99
00	0.9976184868359464
00	0.9997485086611039
00	0.86
00	1.0
00	1.0
00	1.0
00	1.0
00	1.0
00	0.9942146325630449
00	1.0
00	0.99
00	1.0
00	1.0
00	1.0
00	1.0
00	1.0
00	1.0
00	1.0
00	0.96
00	1.0
00	0.97
00	1.0
00	0.9942146325630449
00	1.0
00	1.0
00	1.0
00	1.0
00	1.0
00	1.0
00	1.0
00	1.0
00	1.0
00	1.0
00	1.0
00	1.0
00	1.0
00	1.0
00	0.9942146325630449
00	0.9
00	0.9942146325630449
00	1.0
00	1.0
00	0.9792095114080023
00	1.0
00	1.0
00	1.0
00	1.0
00	1.0
00	1.0
00	1.0
00	1.0
00	1.0
00	1.0
00	1.0
00	1.0
00	1.0
00	1.0
00	0.9942146325630449
00	0.9942146325630449
00	1.0
00	1.0
00	1.0
00	1.0
00	1.0
00	1.0
00	1.0
00	1.0
00	1.0
00	1.0
00	1.0
00	1.0
00	1.0
00	1.0
00	1.0
00	1.0
00	1.0
00	1.0
00	0.98
00	0.99
00	1.0
00	1.0
00	0.97
00	1.0
00	0.9942146325630449
00	1.0
00	1.0
00	1.0
00	0.98
00	0.9998290885006356
00	1.0
00	1.0
00	1.0
00	0.9998803915848165
00	1.0
00	1.0
00	1.0
00	1.0
00	1.0
00	1.0
00	1.0
00	0.99
00	1.0
00	1.0
00	1.0
00	1.0
00	1.0
00	1.0
00	1.0
00	1.0
00	1.0
00	0.99
00	1.0
00	1.0
00	1.0
00	1.0
00	1.0
00	1.0
00	1.0
00	1.0
00	1.0
00	0.9999431818181819
00	1.0
00	0.9942146325630449
00	0.91
00	1.0
00	1.0
00	1.0
00	1.0
00	1.0
00	1.0
00	1.0
00	1.0
00	1.0
00	1.0
00	1.0
00	0.9942146325630449
00	1.0
00	1.0
00	1.0
00	0.95
00	0.95
00	1.0
00	1.0
00	1.0
00	0.99
00	1.0
00	1.0
00	1.0
00	1.0
00	1.0
00	0.9942146325630449
00	1.0
00	0.9387860627645104
00	1.0
00	1.0
00	1.0
00	1.0
00	0.9974706640836142
00	0.9975682779080277
00	1.0
00	1.0
00	1.0
00	1.0
00	0.9980175896276741
00	1.0
00	1.0
00	1.0
00	1.0
00	0.9957403017559259
00	1.0
00	1.0
00	1.0
00	1.0
00	1.0
00	1.0
00	0.99
00	1.0
00	1.0
00	0.9996789165364617
00	0.9942146325630449
00	1.0
00	1.0
00	1.0
00	1.0
00	1.0
00	1.0
00	0.9942146325630449
00	1.0
00	1.0
00	1.0
00	1.0
00	1.0
00	1.0
00	1.0
00	1.0
00	1.0
00	1.0
00	1.0
00	1.0
00	1.0
00	1.0
00	1.0
00	1.0
00	1.0
00	1.0
00	1.0
00	1.0
00	1.0
00	0.99
00	1.0
00	1.0
00	0.9995260794795346
00	1.0
00	1.0
00	1.0
00	1.0
00	1.0
00	1.0
00	1.0
00	1.0
00	1.0
00	1.0
00	1.0
00	1.0
00	0.99
00	1.0
00	1.0
00	0.9987011999810167
00	0.99
00	0.95
00	1.0
00	1.0
00	0.9998154448598965
00	1.0
00	0.9942146325630449
00	1.0
00	1.0
00	1.0
00	1.0
00	1.0
00	1.0
00	1.0
00	1.0
00	1.0
00	1.0
00	1.0
00	1.0
00	1.0
00	1.0
00	0.99
00	1.0
00	0.99
00	1.0
00	1.0
00	0.9998869573871647
00	1.0
00	1.0
00	1.0
00	1.0
00	1.0
00	1.0
00	1.0
00	0.9999378881987577
00	1.0
00	1.0
00	1.0
00	1.0
00	1.0
00	1.0
00	1.0
00	1.0
00	0.97
00	0.9942146325630449
00	1.0
00	1.0
00	0.99
00	1.0
00	1.0
00	1.0
00	1.0
00	1.0
00	1.0
00	1.0
00	1.0
00	1.0
00	0.9999150019896539
00	1.0
00	1.0
00	1.0
00	1.0
00	1.0
00	1.0
00	1.0
00	0.9942146325630449
00	1.0
00	0.98
00	1.0
00	0.9942146325630449
00	1.0
00	1.0
00	1.0
00	0.99
00	1.0
00	1.0
00	0.9693433074949493
00	0.99
00	0.99
00	1.0
00	1.0
00	1.0
00	0.99
00	1.0
00	0.99
00	0.99
00	1.0
00	1.0
00	1.0
00	1.0
00	1.0
00	0.99
00	0.99
00	0.99
00	1.0
00	1.0
00	1.0
00	0.99
00	1.0
00	1.0
00	1.0
00	1.0
00	1.0
00	1.0
00	1.0
00	1.0
00	0.99
00	1.0
00	1.0
00	1.0
00	0.9942146325630449
00	1.0
00	0.99
00	1.0
00	1.0
00	1.0
00	0.97
00	1.0
00	1.0
00	1.0
00	1.0
00	1.0
00	1.0
00	1.0
00	0.98
00	1.0
00	1.0
00	1.0
00	1.0
00	1.0
00	0.99
00	1.0
00	1.0
00	1.0
00	0.91
00	0.99
00	1.0
00	0.99
00	1.0
00	0.9999700598802395
00	1.0
00	1.0
00	1.0
00	1.0
00	1.0
00	1.0
00	0.9999421965317918
00	1.0
00	1.0
00	0.9792533251245511
00	1.0
00	1.0
00	1.0
00	1.0
00	1.0
00	1.0
00	1.0
00	1.0
00	1.0
00	0.9942146325630449
00	1.0
00	1.0
00	1.0
00	0.9987165069950781
00	1.0
00	1.0
00	1.0
00	1.0
00	0.9979679043798139
00	1.0
00	1.0
00	1.0
00	1.0
00	1.0
00	1.0
00	1.0
00	1.0
00	1.0
00	0.9975343282857091
00	1.0
00	1.0
00	1.0
00	1.0
00	1.0
00	1.0
00	1.0
00	1.0
00	0.9974250289242803
00	0.9992956926106153
00	1.0
00	1.0
00	1.0
00	1.0
00	1.0
00	1.0
00	1.0
00	1.0
00	1.0
00	0.9995925937149824
00	1.0
00	1.0
00	1.0
00	1.0
00	1.0
00	1.0
00	0.999942737475868
00	1.0
00	1.0
00	1.0
00	1.0
00	1.0
00	1.0
00	1.0
00	1.0
00	1.0
00	1.0
00	1.0
00	1.0
00	1.0
00	1.0
00	1.0
00	1.0
00	1.0
00	1.0
00	1.0
00	1.0
00	1.0
00	1.0
00	1.0
00	1.0
00	1.0
00	1.0
00	1.0
00	0.99
00	0.99
00	1.0
00	0.99
00	1.0
00	1.0
00	1.0
00	1.0
00	1.0
00	1.0
00	0.99
00	1.0
00	0.98
00	1.0
00	1.0
00	1.0
00	0.9998784194528875
00	1.0
00	1.0
00	1.0
00	1.0
00	1.0
00	1.0
00	1.0
00	1.0
00	1.0
00	1.0
00	1.0
00	1.0
00	1.0
00	1.0
00	0.9942146325630449
00	1.0
00	1.0
00	1.0
00	1.0
00	0.9942146325630449
00	1.0
00	1.0
00	1.0
00	1.0
00	0.9942146325630449
00	0.9942146325630449
00	0.9898869573871647
00	1.0
00	1.0
00	0.99
00	1.0
00	1.0
00	1.0
00	1.0
00	1.0
00	1.0
00	1.0
00	1.0
00	0.99
00	1.0
00	1.0
00	1.0
00	1.0
00	1.0
00	1.0
00	1.0
00	1.0
00	0.9942146325630449
00	1.0
00	0.94
00	1.0
00	1.0
00	1.0
00	0.9676689516885528
00	1.0
00	1.0
00	1.0
00	1.0
00	0.9898913043478261
00	1.0
00	1.0
00	1.0
00	1.0
00	1.0
00	1.0
00	1.0
00	1.0
00	1.0
00	1.0
00	1.0
00	0.99
00	1.0
00	1.0
00	1.0
00	1.0
00	0.9942146325630449
00	1.0
00	1.0
00	1.0
00	1.0
00	1.0
00	1.0
00	1.0
00	1.0
00	1.0
00	0.97
00	1.0
00	1.0
00	1.0
00	1.0
00	1.0
00	1.0
00	1.0
00	1.0
00	0.98
00	1.0
00	0.9942146325630449
00	1.0
00	1.0
00	0.9999378881987577
00	1.0
00	1.0
00	1.0
00	1.0
00	1.0
00	1.0
00	1.0
00	1.0
00	1.0
00	1.0
00	1.0
00	1.0
00	1.0
00	1.0
00	1.0
00	0.9970446676772875
00	1.0
00	1.0
00	1.0
00	1.0
00	0.9985620763183382
00	0.98
00	0.98
00	1.0
00	0.9798522854670977
00	1.0
00	0.9942146325630449
00	0.9942146325630449
00	1.0
00	1.0
00	1.0
00	0.97
00	0.99
00	1.0
00	1.0
00	1.0
00	1.0
00	1.0
00	1.0
00	1.0
00	1.0
00	0.9774624005197399
00	0.9994097218881527
00	0.9998591081567108
00	1.0
00	0.9998593615248862
00	1.0
00	1.0
00	1.0
00	1.0
00	1.0
00	1.0
00	1.0
00	1.0
00	1.0
00	1.0
00	1.0
00	1.0
00	0.98
00	0.9997205735983546
00	1.0
00	1.0
00	1.0
00	0.9955890271406499
00	1.0
00	1.0
00	1.0
00	1.0
00	0.9
00	1.0
00	1.0
00	1.0
00	1.0
00	1.0
00	1.0
00	1.0
00	1.0
00	1.0
00	0.99
00	1.0
00	1.0
00	1.0
00	1.0
00	0.9999410029498526
00	1.0
00	0.99
00	0.9942146325630449
00	0.9942146325630449
00	1.0
00	1.0
00	1.0
00	1.0
00	0.9999047619047619
00	1.0
00	1.0
00	0.9942146325630449
00	1.0
00	0.9891101019613288
00	1.0
00	0.9997852289589462
00	0.999500996193197
00	0.9499721448467966
00	1.0
00	0.9999162011173184
00	0.99
00	1.0
00	1.0
00	1.0
00	1.0
00	1.0
00	1.0
00	1.0
00	1.0
00	1.0
00	1.0
00	1.0
00	1.0
00	1.0
00	1.0
00	0.99
00	1.0
00	1.0
00	1.0
00	1.0
00	1.0
00	1.0
00	1.0
00	0.9942146325630449
00	0.99
00	0.99
00	1.0
00	1.0
00	1.0
00	1.0
00	1.0
00	1.0
00	1.0
00	0.94
00	1.0
00	1.0
00	1.0
00	1.0
00	1.0
00	1.0
00	1.0
00	1.0
00	1.0
00	1.0
00	0.99
00	1.0
00	0.9942146325630449
00	0.9942146325630449
00	1.0
00	1.0
00	1.0
00	1.0
00	1.0
00	1.0
00	1.0
00	1.0
00	1.0
00	1.0
00	1.0
00	1.0
00	1.0
00	1.0
00	1.0
00	1.0
00	1.0
00	1.0
00	1.0
00	1.0
00	1.0
00	1.0
00	1.0
00	1.0
00	1.0
00	1.0
00	1.0
00	1.0
00	1.0
00	1.0
00	1.0
00	1.0
00	1.0
00	1.0
00	1.0
00	1.0
00	1.0
00	1.0
00	1.0
00	1.0
00	1.0
00	1.0
00	0.99
00	1.0
00	1.0
00	1.0
00	0.99
00	1.0
00	1.0
00	1.0
00	1.0
00	1.0
00	1.0
00	0.9942146325630449
00	1.0
00	1.0
00	1.0
00	1.0
00	0.9942146325630449
00	1.0
00	1.0
00	1.0
00	0.9995841994461676
00	1.0
00	0.99
00	1.0
00	0.9942146325630449
00	1.0
00	1.0
00	1.0
00	1.0
00	0.98
00	1.0
00	1.0
00	1.0
00	1.0
00	1.0
00	1.0
00	0.9998020120724346
00	1.0
00	1.0
00	0.9942146325630449
00	1.0
00	0.99
00	1.0
00	1.0
00	1.0
00	1.0
00	1.0
00	0.9942146325630449
00	1.0
00	1.0
00	1.0
00	1.0
00	1.0
00	0.998926930805228
00	1.0
00	1.0
00	1.0
00	0.99
00	1.0
00	1.0
00	1.0
00	1.0
00	1.0
00	1.0
00	1.0
00	1.0
00	0.86
00	1.0
00	1.0
00	1.0
00	1.0
00	1.0
00	1.0
00	0.96
00	1.0
00	1.0
00	1.0
00	1.0
00	1.0
00	1.0
00	1.0
00	1.0
00	1.0
00	0.988478424436201
00	1.0
00	1.0
00	1.0
00	0.9999382716049382
00	1.0
00	1.0
00	1.0
00	1.0
00	1.0
00	1.0
00	1.0
00	1.0
00	1.0
00	1.0
00	0.99
00	0.9999382716049382
00	0.9797981418918918
00	1.0
00	1.0
00	1.0
00	0.99
00	1.0
00	1.0
00	1.0
00	1.0
00	1.0
00	1.0
00	1.0
00	1.0
00	1.0
00	1.0
00	1.0
00	1.0
00	1.0
00	0.9997387031455085
00	1.0
00	1.0
00	1.0
00	1.0
00	1.0
00	1.0
00	0.98
00	0.99
00	1.0
00	1.0
00	1.0
00	1.0
00	1.0
00	0.97
00	0.98
00	1.0
00	1.0
00	1.0
00	1.0
00	0.98
00	1.0
00	1.0
00	1.0
00	1.0
00	0.9999212598425197
00	0.97
00	1.0
00	1.0
00	1.0
00	1.0
00	1.0
00	1.0
00	1.0
00	0.9942146325630449
00	1.0
00	1.0
00	1.0
00	1.0
00	1.0
00	1.0
00	1.0
00	1.0
00	1.0
00	0.9499382716049383
00	0.98
00	1.0
00	1.0
00	0.999942572709696
00	1.0
00	1.0
00	0.9997206363822504
00	1.0
00	1.0
00	1.0
00	1.0
00	1.0
00	1.0
00	1.0
00	0.99
00	0.96
00	1.0
00	1.0
00	1.0
00	1.0
00	1.0
00	1.0
00	0.9998827367155979
00	0.97
00	1.0
00	1.0
00	1.0
00	1.0
00	1.0
00	1.0
00	1.0
00	1.0
00	1.0
00	1.0
00	1.0
00	1.0
00	1.0
00	0.99
00	1.0
00	0.9997770824562191
00	1.0
00	0.9997350384402052
00	0.9942146325630449
00	1.0
00	1.0
00	0.9998873599025688
00	1.0
00	1.0
00	1.0
00	1.0
00	1.0
00	1.0
00	0.99
00	1.0
00	1.0
00	1.0
00	1.0
00	0.9993267691375292
00	0.9999382716049382
00	1.0
00	1.0
00	1.0
00	0.97
00	1.0
00	1.0
00	1.0
00	1.0
00	1.0
00	0.93
00	1.0
00	1.0
00	1.0
00	0.97
00	1.0
00	1.0
00	1.0
00	1.0
00	1.0
00	1.0
00	1.0
00	1.0
00	1.0
00	1.0
00	1.0
00	1.0
00	0.99
00	1.0
00	1.0
00	1.0
00	1.0
00	1.0
00	1.0
00	1.0
00	1.0
00	1.0
00	1.0
00	1.0
00	0.9942146325630449
00	0.99
00	1.0
00	1.0
00	1.0
00	1.0
00	1.0
00	1.0
00	1.0
00	1.0
00	1.0
00	1.0
00	1.0
00	1.0
00	1.0
00	1.0
00	1.0
00	0.97
00	1.0
00	1.0
00	0.9942146325630449
00	1.0
00	1.0
00	1.0
00	1.0
00	0.9942146325630449
00	1.0
00	1.0
00	1.0
00	1.0
00	1.0
00	1.0
00	1.0
00	0.9999721448467966
00	1.0
00	1.0
00	0.9943544171001594
00	1.0
00	1.0
00	1.0
00	1.0
00	1.0
00	1.0
00	0.9943544171001594
00	1.0
00	1.0
00	1.0
00	1.0
00	1.0
00	1.0
00	1.0
00	1.0
00	1.0
00	1.0
00	1.0
00	1.0
00	1.0
00	1.0
00	1.0
00	1.0
00	0.9597868616871759
00	1.0
00	1.0
00	1.0
00	1.0
00	1.0
00	0.98
00	1.0
00	1.0
00	0.95
00	0.99
00	0.99
00	1.0
00	1.0
00	1.0
00	1.0
00	1.0
00	1.0
00	1.0
00	1.0
00	1.0
00	1.0
00	1.0
00	1.0
00	1.0
00	1.0
00	1.0
00	1.0
00	1.0
00	1.0
00	1.0
00	1.0
00	1.0
00	1.0
00	1.0
00	0.9943544171001594
00	1.0
00	1.0
00	1.0
00	1.0
00	1.0
00	1.0
00	1.0
00	1.0
00	1.0
00	1.0
00	1.0
00	1.0
00	1.0
00	1.0
00	1.0
00	1.0
00	1.0
00	1.0
00	1.0
00	1.0
00	0.9995956695601926
00	1.0
00	1.0
00	1.0
00	1.0
00	0.9997307947672006
00	1.0
00	1.0
00	1.0
00	1.0
00	1.0
00	1.0
00	0.9997277711935815
00	0.9998070460741352
00	1.0
00	1.0
00	1.0
00	1.0
00	1.0
00	1.0
00	1.0
00	1.0
00	1.0
00	1.0
00	0.99
00	1.0
00	1.0
00	1.0
00	1.0
00	1.0
00	1.0
00	1.0
00	0.96
00	1.0
00	1.0
00	1.0
00	1.0
00	0.9985918722404956
00	1.0
00	1.0
00	1.0
00	1.0
00	1.0
00	1.0
00	1.0
00	1.0
00	1.0
00	1.0
00	1.0
00	1.0
00	1.0
00	1.0
00	0.9169219462530133
00	1.0
00	1.0
00	1.0
00	1.0
00	1.0
00	1.0
00	1.0
00	1.0
00	0.96
00	1.0
00	1.0
00	1.0
00	1.0
00	0.9943544171001594
00	1.0
00	1.0
00	1.0
00	0.97
00	1.0
00	1.0
00	1.0
00	1.0
00	1.0
00	0.99
00	0.97
00	1.0
00	1.0
00	1.0
00	0.9943544171001594
00	1.0
00	1.0
00	1.0
00	1.0
00	1.0
00	0.9999431818181819
00	1.0
00	1.0
00	1.0
00	1.0
00	1.0
00	1.0
00	1.0
00	1.0
00	1.0
00	1.0
00	1.0
00	0.98
00	1.0
00	0.9996737137534326
00	1.0
00	1.0
00	0.82
00	0.79
00	1.0
00	0.9986452447012566
00	1.0
00	1.0
00	1.0
00	0.999915014164306
00	1.0
00	1.0
00	1.0
00	0.9999447513812154
00	1.0
00	1.0
00	0.99
00	1.0
00	1.0
00	0.9943544171001594
00	1.0
00	0.9798126214195709
00	0.99
00	1.0
00	1.0
00	1.0
00	1.0
00	0.9943544171001594
00	1.0
00	0.99
00	0.9997177682741455
00	1.0
00	1.0
00	1.0
00	0.97
00	1.0
00	1.0
00	0.9943544171001594
00	1.0
00	1.0
00	1.0
00	1.0
00	1.0
00	1.0
00	1.0
00	1.0
00	1.0
00	1.0
00	1.0
00	0.9797823779807533
00	0.98
00	0.9943544171001594
00	1.0
00	1.0
00	0.9999727520435968
00	1.0
00	1.0
00	1.0
00	0.9
00	1.0
00	1.0
00	1.0
00	1.0
00	1.0
00	1.0
00	1.0
00	1.0
00	1.0
00	0.98
00	1.0
00	1.0
00	1.0
00	0.9943544171001594
00	1.0
00	1.0
00	1.0
00	1.0
00	1.0
00	0.9997622672648433
00	1.0
00	1.0
00	1.0
00	1.0
00	1.0
00	1.0
00	1.0
00	1.0
00	0.9943544171001594
00	1.0
00	1.0
00	1.0
00	1.0
00	1.0
00	1.0
00	1.0
00	0.9995671975678805
00	1.0
00	1.0
00	1.0
00	1.0
00	0.98
00	1.0
00	0.99
00	0.9992917565491932
00	0.98
00	1.0
00	1.0
00	0.98
00	1.0
00	0.9943544171001594
00	1.0
00	1.0
00	1.0
00	1.0
00	0.99
00	1.0
00	1.0
00	1.0
00	0.9943544171001594
00	1.0
00	1.0
00	1.0
00	1.0
00	0.98
00	1.0
00	1.0
00	1.0
00	0.99
00	1.0
00	0.9999697885196375
00	1.0
00	0.9995848366649562
00	1.0
00	1.0
00	1.0
00	1.0
00	1.0
00	1.0
00	1.0
00	1.0
00	1.0
00	1.0
00	1.0
00	1.0
00	1.0
00	1.0
00	0.99
00	1.0
00	1.0
00	1.0
00	1.0
00	1.0
00	1.0
00	1.0
00	1.0
00	1.0
00	1.0
00	1.0
00	1.0
00	1.0
00	1.0
00	1.0
00	1.0
00	1.0
00	1.0
00	1.0
00	1.0
00	1.0
00	1.0
00	1.0
00	1.0
00	1.0
00	1.0
00	1.0
00	1.0
00	1.0
00	1.0
00	1.0
00	1.0
00	1.0
00	1.0
00	0.99
00	1.0
00	1.0
00	0.94
00	0.99
00	1.0
00	1.0
00	1.0
00	1.0
00	1.0
00	1.0
00	1.0
00	1.0
00	1.0
00	1.0
00	1.0
00	1.0
00	1.0
00	1.0
00	1.0
00	0.97
00	1.0
00	0.9943544171001594
00	0.9943544171001594
00	1.0
00	1.0
00	1.0
00	1.0
00	1.0
00	1.0
00	1.0
00	0.9496128727892483
00	1.0
00	1.0
00	0.99
00	1.0
00	0.9943544171001594
00	0.9943544171001594
00	1.0
00	1.0
00	0.99
00	1.0
00	1.0
00	1.0
00	0.999858834389025
00	0.9943544171001594
00	1.0
00	1.0
00	1.0
00	1.0
00	1.0
00	1.0
00	1.0
00	1.0
00	1.0
00	0.98
00	0.9943544171001594
00	1.0
00	1.0
00	0.99
00	1.0
00	1.0
00	1.0
00	1.0
00	1.0
00	1.0
00	1.0
00	1.0
00	1.0
00	1.0
00	1.0
00	1.0
00	0.99
00	1.0
00	1.0
00	1.0
00	1.0
00	1.0
00	1.0
00	1.0
00	1.0
00	0.95
00	0.9943544171001594
00	1.0
00	1.0
00	1.0
00	1.0
00	1.0
00	1.0
00	1.0
00	1.0
00	0.88
00	1.0
00	1.0
00	1.0
00	0.999939024390244
00	0.929669879539256
00	1.0
00	1.0
00	1.0
00	1.0
00	1.0
00	1.0
00	1.0
00	1.0
00	1.0
00	0.96
00	1.0
00	1.0
00	1.0
00	1.0
00	1.0
00	1.0
00	1.0
00	0.98
00	1.0
00	1.0
00	1.0
00	1.0
00	1.0
00	0.9995688366075275
00	1.0
00	1.0
00	1.0
00	1.0
00	1.0
00	1.0
00	1.0
00	1.0
00	1.0
00	1.0
00	1.0
00	1.0
00	1.0
00	1.0
00	1.0
00	1.0
00	1.0
00	1.0
00	1.0
00	1.0
00	1.0
00	1.0
00	0.9999153266649785
00	1.0
00	0.9798387313723409
00	1.0
00	1.0
00	1.0
00	0.98
00	0.9943544171001594
00	1.0
00	0.9999171899101009
00	1.0
00	1.0
00	1.0
00	1.0
00	1.0
00	1.0
00	1.0
00	1.0
00	1.0
00	1.0
00	1.0
00	1.0
00	1.0
00	1.0
00	1.0
00	1.0
00	0.9943544171001594
00	1.0
00	1.0
00	1.0
00	1.0
00	1.0
00	1.0
00	1.0
00	1.0
00	0.99
00	1.0
00	1.0
00	1.0
00	1.0
00	1.0
00	1.0
00	1.0
00	0.94
00	0.98
00	0.9943544171001594
00	0.96
00	0.97
00	1.0
00	1.0
00	1.0
00	1.0
00	1.0
00	1.0
00	1.0
00	1.0
00	1.0
00	1.0
00	1.0
00	1.0
00	1.0
00	1.0
00	1.0
00	0.9961712214340918
00	1.0
00	1.0
00	1.0
00	1.0
00	1.0
00	1.0
00	1.0
00	1.0
00	1.0
00	0.9799698795180722
00	1.0
00	1.0
00	1.0
00	1.0
00	1.0
00	1.0
00	1.0
00	1.0
00	0.97
00	1.0
00	1.0
00	1.0
00	0.9993809425685444
00	1.0
00	1.0
00	1.0
00	1.0
00	0.9943544171001594
00	1.0
00	1.0
00	1.0
00	1.0
00	1.0
00	1.0
00	1.0
00	0.9999727520435968
00	1.0
00	1.0
00	1.0
00	1.0
00	1.0
00	0.9967178057027277
00	1.0
00	0.99
00	0.9999710982658959
00	1.0
00	0.99
00	1.0
00	0.9889904388101189
00	1.0
00	1.0
00	0.9943544171001594
00	1.0
00	1.0
00	1.0
00	1.0
00	1.0
00	1.0
00	1.0
00	1.0
00	1.0
00	1.0
00	1.0
00	1.0
00	1.0
00	0.98
00	1.0
00	1.0
00	1.0
00	1.0
00	1.0
00	0.9795348675193084
00	0.97
00	0.9943544171001594
00	0.9943544171001594
00	1.0
00	1.0
00	1.0
00	0.95
00	0.93954595560221
00	1.0
00	1.0
00	1.0
00	1.0
00	1.0
00	1.0
00	1.0
00	1.0
00	1.0
00	0.98
00	1.0
00	1.0
00	0.9943544171001594
00	0.9999443904545945
00	1.0
00	1.0
00	1.0
00	1.0
00	1.0
00	1.0
00	1.0
00	0.9999152487961477
00	1.0
00	1.0
00	0.9795267310714126
00	0.99
00	0.9943544171001594
00	1.0
00	0.9943544171001594
00	1.0
00	1.0
00	0.98
00	0.99
00	1.0
00	1.0
00	1.0
00	1.0
00	1.0
00	1.0
00	1.0
00	1.0
00	1.0
00	1.0
00	1.0
00	1.0
00	1.0
00	1.0
00	1.0
00	1.0
00	1.0
00	1.0
00	1.0
00	1.0
00	1.0
00	1.0
00	1.0
00	1.0
00	1.0
00	0.98
00	1.0
00	1.0
00	1.0
00	1.0
00	1.0
00	0.9998904109589042
00	1.0
00	1.0
00	1.0
00	1.0
00	0.9943544171001594
00	0.98
00	1.0
00	1.0
00	1.0
00	1.0
00	1.0
00	1.0
00	1.0
00	1.0
00	0.979943342776204
00	1.0
00	1.0
00	0.9943544171001594
00	0.9943544171001594
00	0.9993582515808819
00	1.0
00	0.9943544171001594
00	1.0
00	1.0
00	1.0
00	1.0
00	1.0
00	1.0
00	0.99
00	1.0
00	1.0
00	1.0
00	1.0
00	1.0
00	1.0
00	1.0
00	1.0
00	1.0
00	1.0
00	1.0
00	1.0
00	0.99
00	0.9943544171001594
00	1.0
00	1.0
00	1.0
00	1.0
00	1.0
00	1.0
00	1.0
00	1.0
00	1.0
00	1.0
00	1.0
00	0.9993140519940947
00	0.97
00	1.0
00	1.0
00	1.0
00	1.0
00	1.0
00	1.0
00	1.0
00	1.0
00	1.0
00	1.0
00	1.0
00	1.0
00	1.0
00	1.0
00	1.0
00	1.0
00	1.0
00	0.99
00	0.9999438202247191
00	1.0
00	1.0
00	1.0
00	1.0
00	1.0
00	1.0
00	0.92
00	1.0
00	1.0
00	1.0
00	1.0
00	1.0
00	0.98
00	1.0
00	1.0
00	1.0
00	0.9943544171001594
00	1.0
00	1.0
00	1.0
00	1.0
00	1.0
00	1.0
00	1.0
00	1.0
00	1.0
00	1.0
00	1.0
00	1.0
00	1.0
00	0.9943544171001594
00	0.99
00	1.0
00	0.98
00	1.0
00	0.97
00	0.9999430199430199
00	0.9943544171001594
00	1.0
00	1.0
00	1.0
00	1.0
00	1.0
00	1.0
00	0.99
00	1.0
00	1.0
00	1.0
00	1.0
00	1.0
00	1.0
00	1.0
00	0.94
00	0.9998904109589042
00	1.0
00	1.0
00	1.0
00	1.0
00	1.0
00	1.0
00	1.0
00	1.0
00	1.0
00	0.9943544171001594
00	1.0
00	1.0
00	1.0
00	1.0
00	1.0
00	1.0
00	1.0
00	1.0
00	1.0
00	0.9984585208764356
00	1.0
00	1.0
00	1.0
00	0.99
00	0.9943544171001594
00	1.0
00	0.99
00	1.0
00	1.0
00	1.0
00	1.0
00	1.0
00	0.95
00	1.0
00	1.0
00	1.0
00	1.0
00	1.0
00	1.0
00	0.9943544171001594
00	1.0
00	1.0
00	1.0
00	1.0
00	1.0
00	0.99
00	1.0
00	1.0
00	1.0
00	1.0
00	1.0
00	1.0
00	1.0
00	1.0
00	1.0
00	1.0
00	1.0
00	1.0
00	1.0
00	1.0
00	1.0
00	1.0
00	1.0
00	1.0
00	1.0
00	1.0
00	1.0
00	1.0
00	1.0
00	1.0
00	0.9943544171001594
00	0.9943544171001594
00	1.0
00	0.9877577927494299
00	1.0
00	0.99
00	1.0
00	0.9996889396881689
00	1.0
00	1.0
00	1.0
00	0.95
00	1.0
00	1.0
00	1.0
00	1.0
00	1.0
00	1.0
00	1.0
00	1.0
00	1.0
00	1.0
00	1.0
00	1.0
00	1.0
00	0.98
00	1.0
00	1.0
00	1.0
00	1.0
00	1.0
00	1.0
00	1.0
00	1.0
00	1.0
00	0.98
00	0.9996549433039515
00	1.0
00	1.0
00	1.0
00	1.0
00	1.0
00	0.9943544171001594
00	1.0
00	1.0
00	1.0
00	0.98
00	1.0
00	1.0
00	0.99
00	1.0
00	1.0
00	1.0
00	1.0
00	1.0
00	1.0
00	0.99
00	1.0
00	1.0
00	1.0
00	0.9943544171001594
00	0.9943544171001594
00	1.0
00	1.0
00	1.0
00	1.0
00	1.0
00	1.0
00	1.0
00	1.0
00	1.0
00	1.0
00	1.0
00	1.0
00	1.0
00	1.0
00	1.0
00	0.9996282309609584
00	1.0
00	1.0
00	1.0
00	1.0
00	1.0
00	1.0
00	1.0
00	0.98
00	0.9889227391817984
00	0.91
00	0.989495879419287
00	1.0
00	1.0
00	1.0
00	1.0
00	1.0
00	1.0
00	1.0
00	0.9979069004512017
00	1.0
00	1.0
00	1.0
00	0.88
00	1.0
00	1.0
00	1.0
00	1.0
00	0.9494456723101896
00	1.0
00	1.0
00	1.0
00	1.0
00	1.0
00	1.0
00	1.0
00	1.0
00	1.0
00	1.0
00	1.0
00	1.0
00	1.0
00	1.0
00	1.0
00	1.0
00	0.99
00	1.0
00	1.0
00	1.0
00	1.0
00	1.0
00	1.0
00	1.0
00	0.9999442896935933
00	1.0
00	0.9943544171001594
00	1.0
00	0.9943544171001594
00	1.0
00	1.0
00	1.0
00	1.0
00	1.0
00	1.0
00	1.0
00	1.0
00	0.99
00	1.0
00	1.0
00	1.0
00	1.0
00	1.0
00	1.0
00	1.0
00	1.0
00	0.9943544171001594
00	1.0
00	1.0
00	1.0
00	1.0
00	1.0
00	1.0
00	1.0
00	0.96
00	0.9998411225386902
00	0.99992
00	0.9998902141501762
00	1.0
00	0.9880282522434993
00	0.9993505084949434
00	1.0
00	1.0
00	1.0
00	1.0
00	0.9999187504529969
00	1.0
00	1.0
00	1.0
00	1.0
00	1.0
00	1.0
00	1.0
00	1.0
00	1.0
00	1.0
00	1.0
00	0.9898919403413164
00	1.0
00	1.0
00	1.0
00	1.0
00	1.0
00	0.9998921448467967
00	1.0
00	0.95
00	1.0
00	1.0
00	1.0
00	1.0
00	1.0
00	1.0
00	1.0
00	1.0
00	1.0
00	1.0
00	1.0
00	1.0
00	1.0
00	0.9992179900297902
00	1.0
00	1.0
00	1.0
00	1.0
00	1.0
00	1.0
00	0.9943544171001594
00	1.0
00	1.0
00	1.0
00	1.0
00	1.0
00	1.0
00	1.0
00	0.9943544171001594
00	1.0
00	1.0
00	1.0
00	1.0
00	1.0
00	0.99
00	1.0
00	1.0
00	1.0
00	1.0
00	0.995522386589474
00	0.99
00	1.0
00	1.0
00	1.0
00	1.0
00	1.0
00	1.0
00	1.0
00	1.0
00	1.0
00	1.0
00	1.0
00	1.0
00	0.9943544171001594
00	0.99
00	1.0
00	0.9987956159728797
00	1.0
00	1.0
00	1.0
00	1.0
00	0.9997865976875409
00	1.0
00	1.0
00	1.0
00	1.0
00	1.0
00	1.0
00	0.95
00	1.0
00	0.9943544171001594
00	1.0
00	1.0
00	1.0
00	1.0
00	0.9943544171001594
00	1.0
00	1.0
00	1.0
00	1.0
00	0.99
00	0.97
00	1.0
00	1.0
00	1.0
00	1.0
00	1.0
00	1.0
00	1.0
00	0.96
00	1.0
00	1.0
00	1.0
00	1.0
00	1.0
00	1.0
00	0.97
00	1.0
00	1.0
00	1.0
00	1.0
00	1.0
00	1.0
00	1.0
00	1.0
00	1.0
00	1.0
00	0.9998124542124542
00	1.0
00	0.99
00	1.0
00	1.0
00	1.0
00	1.0
00	1.0
00	0.99
00	1.0
00	1.0
00	1.0
00	1.0
00	1.0
00	1.0
00	1.0
00	1.0
00	1.0
00	1.0
00	1.0
00	1.0
00	0.9943544171001594
00	1.0
00	1.0
00	1.0
00	0.99
00	1.0
00	1.0
00	1.0
00	1.0
00	1.0
00	1.0
00	0.9997748148882251
00	1.0
00	1.0
00	1.0
00	1.0
00	0.9997419093732469
00	0.98
00	1.0
00	1.0
00	1.0
00	1.0
00	1.0
00	1.0
00	1.0
00	1.0
00	1.0
00	1.0
00	0.9943544171001594
00	1.0
00	1.0
00	0.9798404765727742
00	1.0
00	1.0
00	1.0
00	0.99
00	1.0
00	1.0
00	1.0
00	1.0
00	1.0
00	1.0
00	1.0
00	1.0
00	1.0
00	1.0
00	1.0
00	1.0
00	1.0
00	1.0
00	1.0
00	1.0
00	1.0
00	1.0
00	1.0
00	0.99
00	1.0
00	1.0
00	1.0
00	0.97
00	1.0
00	1.0
00	1.0
00	1.0
00	1.0
00	0.99
00	1.0
00	1.0
00	1.0
00	0.9943544171001594
00	1.0
00	1.0
00	1.0
00	1.0
00	1.0
00	1.0
00	1.0
00	0.98
00	1.0
00	1.0
00	1.0
00	1.0
00	1.0
00	1.0
00	1.0
00	1.0
00	1.0
00	1.0
00	1.0
00	1.0
00	1.0
00	0.9943544171001594
00	1.0
00	1.0
00	1.0
00	1.0
00	1.0
00	0.9999167296346332
00	1.0
00	0.98
00	1.0
00	1.0
00	1.0
00	0.97
00	1.0
00	1.0
00	1.0
00	1.0
00	1.0
00	1.0
00	1.0
00	1.0
00	1.0
00	1.0
00	1.0
00	1.0
00	1.0
00	0.94
00	1.0
00	1.0
00	0.96
00	1.0
00	1.0
00	1.0
00	1.0
00	1.0
00	1.0
00	1.0
00	0.9943544171001594
00	1.0
00	1.0
00	1.0
00	1.0
00	1.0
00	1.0
00	1.0
00	1.0
00	0.97
00	1.0
00	1.0
00	1.0
00	0.9993839681577579
00	1.0
00	1.0
00	1.0
00	1.0
00	1.0
00	1.0
00	1.0
00	1.0
00	1.0
00	0.99
00	1.0
00	1.0
00	1.0
00	1.0
00	1.0
00	0.9999703264094956
00	1.0
00	1.0
00	1.0
00	1.0
00	1.0
00	1.0
00	1.0
00	0.89
00	0.9998057568605165
00	1.0
00	1.0
00	1.0
00	0.99
00	1.0
00	1.0
00	1.0
00	1.0
00	1.0
00	0.99
00	1.0
00	1.0
00	1.0
00	1.0
00	0.9992796878467604
00	1.0
00	1.0
00	1.0
00	1.0
00	1.0
00	1.0
00	1.0
00	1.0
00	1.0
00	1.0
00	1.0
00	1.0
00	1.0
00	1.0
00	1.0
00	1.0
00	0.99
00	1.0
00	1.0
00	1.0
00	1.0
00	1.0
00	1.0
00	0.999747004186305
00	1.0
00	1.0
00	1.0
00	1.0
00	1.0
00	0.9998930481283422
00	1.0
00	1.0
00	1.0
00	1.0
00	1.0
00	1.0
00	1.0
00	1.0
00	1.0
00	1.0
00	0.99
00	1.0
00	0.92
00	1.0
00	1.0
00	0.99
00	1.0
00	1.0
00	1.0
00	1.0
00	1.0
00	1.0
00	1.0
00	1.0
00	1.0
00	1.0
00	1.0
00	1.0
00	1.0
00	1.0
00	1.0
00	1.0
00	1.0
00	1.0
00	1.0
00	0.9999473684210526
00	1.0
00	1.0
00	1.0
00	1.0
00	1.0
00	0.9943544171001594
00	0.99
00	1.0
00	1.0
00	0.99
00	1.0
00	1.0
00	1.0
00	1.0
00	1.0
00	1.0
00	1.0
00	0.9943544171001594
00	1.0
00	0.9943544171001594
00	1.0
00	1.0
00	1.0
00	1.0
00	0.9943544171001594
00	0.99
00	1.0
00	1.0
00	1.0
00	1.0
00	1.0
00	0.9999180327868852
00	1.0
00	1.0
00	1.0
00	0.99
00	1.0
00	1.0
00	0.99
00	0.9999733333333333
00	1.0
00	1.0
00	1.0
00	1.0
00	1.0
00	1.0
00	1.0
00	1.0
00	1.0
00	1.0
00	1.0
00	1.0
00	1.0
00	1.0
00	0.9997467112724803
00	1.0
00	1.0
00	1.0
00	0.95
00	1.0
00	1.0
00	1.0
00	1.0
00	1.0
00	1.0
00	1.0
00	1.0
00	1.0
00	1.0
00	1.0
00	1.0
00	1.0
00	1.0
00	1.0
00	1.0
00	1.0
00	1.0
00	1.0
00	1.0
00	1.0
00	1.0
00	1.0
00	1.0
00	1.0
00	1.0
00	1.0
00	1.0
00	1.0
00	1.0
00	0.99
00	1.0
00	1.0
00	1.0
00	1.0
00	1.0
00	1.0
00	1.0
00	1.0
00	1.0
00	1.0
00	1.0
00	1.0
00	0.97
00	1.0
00	1.0
00	1.0
00	1.0
00	1.0
00	1.0
00	0.9790902167164423
00	0.9996728028309083
00	1.0
00	1.0
00	0.9796032230623187
00	0.9988332784582044
00	1.0
00	1.0
00	1.0
00	0.9999703264094956
00	1.0
00	1.0
00	1.0
00	1.0
00	1.0
00	1.0
00	1.0
00	0.99
00	1.0
00	1.0
00	0.97
00	1.0
00	1.0
00	1.0
00	1.0
00	1.0
00	0.9993306074202344
00	1.0
00	1.0
00	0.9943544171001594
00	1.0
00	1.0
00	0.9943544171001594
00	1.0
00	1.0
00	1.0
00	1.0
00	1.0
00	1.0
00	1.0
00	1.0
00	1.0
00	0.96
00	1.0
00	1.0
00	1.0
00	1.0
00	0.9943544171001594
00	1.0
00	1.0
00	1.0
00	1.0
00	1.0
00	1.0
00	1.0
00	0.98
00	1.0
00	1.0
00	1.0
00	1.0
00	1.0
00	1.0
00	1.0
00	1.0
00	1.0
00	1.0
00	1.0
00	1.0
00	1.0
00	1.0
00	1.0
00	1.0
00	1.0
00	0.9943544171001594
00	1.0
00	1.0
00	1.0
00	1.0
00	1.0
00	1.0
00	1.0
00	1.0
00	1.0
00	0.99
00	1.0
00	1.0
00	1.0
00	1.0
00	1.0
00	1.0
00	1.0
00	0.9
00	1.0
00	1.0
00	1.0
00	1.0
00	1.0
00	1.0
00	0.9943544171001594
00	1.0
00	1.0
00	1.0
00	1.0
00	0.99
00	1.0
00	1.0
00	1.0
00	1.0
00	0.9943544171001594
00	0.98
00	1.0
00	1.0
00	1.0
00	1.0
00	0.99
00	1.0
00	1.0
00	1.0
00	1.0
00	1.0
00	1.0
00	1.0
00	1.0
00	1.0
00	1.0
00	1.0
00	1.0
00	1.0
00	1.0
00	1.0
00	1.0
00	1.0
00	1.0
00	1.0
00	0.9943544171001594
00	1.0
00	1.0
00	0.98
00	1.0
00	1.0
00	1.0
00	1.0
00	1.0
00	0.9943544171001594
00	1.0
00	1.0
00	1.0
00	1.0
00	1.0
00	1.0
00	1.0
00	0.98
00	1.0
00	1.0
00	1.0
00	1.0
00	1.0
00	0.9943544171001594
00	1.0
00	1.0
00	1.0
00	1.0
00	1.0
00	1.0
00	1.0
00	1.0
00	1.0
00	1.0
00	1.0
00	1.0
00	1.0
00	1.0
00	1.0
00	1.0
00	1.0
00	0.8999373040752352
00	1.0
00	1.0
00	0.9794487161132153
00	1.0
00	1.0
00	1.0
00	0.99
00	1.0
00	0.9998257250945776
00	1.0
00	1.0
00	1.0
00	1.0
00	1.0
00	1.0
00	1.0
00	0.99
00	1.0
00	1.0
00	1.0
00	1.0
00	1.0
00	1.0
00	1.0
00	1.0
00	1.0
00	1.0
00	1.0
00	1.0
00	1.0
00	1.0
00	1.0
00	1.0
00	1.0
00	1.0
00	0.9994945391562977
00	0.9943544171001594
00	1.0
00	1.0
00	1.0
00	0.9998632959132518
00	1.0
00	1.0
00	1.0
00	0.9943544171001594
00	0.9692523550583823
00	1.0
00	1.0
00	1.0
00	1.0
00	1.0
00	1.0
00	1.0
00	1.0
00	1.0
00	1.0
00	1.0
00	1.0
00	1.0
00	1.0
00	1.0
00	1.0
00	1.0
00	1.0
00	1.0
00	1.0
00	0.99
00	1.0
00	1.0
00	1.0
00	1.0
00	1.0
00	0.98
00	1.0
00	0.99
00	0.9997668193635282
00	1.0
00	1.0
00	1.0
00	0.97
00	1.0
00	1.0
00	0.999939024390244
00	1.0
00	1.0
00	0.99
00	1.0
00	1.0
00	1.0
00	0.9997827882751855
00	1.0
00	1.0
00	1.0
00	1.0
00	1.0
00	1.0
00	1.0
00	1.0
00	0.9996152162539169
00	1.0
00	1.0
00	0.9999216710182768
00	1.0
00	1.0
00	1.0
00	1.0
00	1.0
00	0.9995497877750822
00	1.0
00	1.0
00	1.0
00	1.0
00	1.0
00	1.0
00	1.0
00	1.0
00	1.0
00	1.0
00	1.0
00	1.0
00	1.0
00	1.0
00	1.0
00	1.0
00	1.0
00	1.0
00	1.0
00	1.0
00	0.99
00	0.9943544171001594
00	1.0
00	1.0
00	1.0
00	1.0
00	1.0
00	1.0
00	1.0
00	1.0
00	1.0
00	1.0
00	1.0
00	1.0
00	1.0
00	0.9943544171001594
00	0.9959285463712513
00	1.0
00	1.0
00	0.96
00	1.0
00	1.0
00	1.0
00	1.0
00	1.0
00	1.0
00	1.0
00	1.0
00	1.0
00	1.0
00	1.0
00	1.0
00	1.0
00	1.0
00	1.0
00	0.9999431818181819
00	0.999086178005635
00	1.0
00	1.0
00	1.0
00	1.0
00	1.0
00	1.0
00	1.0
00	1.0
00	1.0
00	1.0
00	1.0
00	0.999915014164306
00	0.9999130434782608
00	1.0
00	1.0
00	1.0
00	1.0
00	0.99
00	1.0
00	1.0
00	0.9998180327868852
00	1.0
00	1.0
00	1.0
00	1.0
00	1.0
00	1.0
00	1.0
00	1.0
00	1.0
00	1.0
00	1.0
00	1.0
00	1.0
00	1.0
00	0.9943544171001594
00	1.0
00	1.0
00	1.0
00	1.0
00	1.0
00	1.0
00	1.0
00	1.0
00	1.0
00	1.0
00	0.99
00	0.99
00	1.0
00	1.0
00	1.0
00	1.0
00	1.0
00	1.0
00	1.0
00	1.0
00	1.0
00	1.0
00	1.0
00	1.0
00	1.0
00	1.0
00	1.0
00	1.0
00	1.0
00	1.0
00	1.0
00	1.0
00	1.0
00	1.0
00	1.0
00	1.0
00	1.0
00	1.0
00	1.0
00	0.9943544171001594
00	1.0
00	0.9994439499150015
00	1.0
00	1.0
00	0.99
00	1.0
00	0.97
00	1.0
00	1.0
00	1.0
00	1.0
00	1.0
00	1.0
00	1.0
00	1.0
00	1.0
00	1.0
00	0.9989401297277053
00	1.0
00	1.0
00	1.0
00	1.0
00	1.0
00	1.0
00	1.0
00	1.0
00	1.0
00	1.0
00	1.0
00	1.0
00	1.0
00	1.0
00	1.0
00	1.0
00	1.0
00	1.0
00	1.0
00	1.0
00	1.0
00	1.0
00	1.0
00	1.0
00	0.98
00	1.0
00	1.0
00	1.0
00	1.0
00	1.0
00	1.0
00	1.0
00	1.0
00	1.0
00	1.0
00	1.0
00	1.0
00	1.0
00	1.0
00	0.96
00	1.0
00	1.0
00	0.96
00	1.0
00	1.0
00	1.0
00	1.0
00	1.0
00	0.9997166151180457
00	1.0
00	1.0
00	1.0
00	1.0
00	1.0
00	1.0
00	1.0
00	1.0
00	1.0
00	1.0
00	1.0
00	1.0
00	1.0
00	1.0
00	1.0
00	1.0
00	1.0
00	1.0
00	0.9994791894342875
00	1.0
00	1.0
00	1.0
00	1.0
00	1.0
00	1.0
00	1.0
00	1.0
00	1.0
00	0.9982557697616115
00	0.9998714652956298
00	1.0
00	1.0
00	1.0
00	1.0
00	1.0
00	1.0
00	1.0
00	1.0
00	1.0
00	1.0
00	0.9990570554639484
00	1.0
00	0.99
00	1.0
00	0.8899132947976878
00	1.0
00	1.0
00	1.0
00	1.0
00	1.0
00	1.0
00	1.0
00	1.0
00	1.0
00	1.0
00	1.0
00	0.9997667147104332
00	1.0
00	1.0
00	1.0
00	1.0
00	0.99
00	1.0
00	1.0
00	1.0
00	1.0
00	1.0
00	1.0
00	0.98
00	1.0
00	1.0
00	0.9895138191856051
00	1.0
00	0.9185315669013613
00	1.0
00	1.0
00	1.0
00	1.0
00	1.0
00	1.0
00	1.0
00	0.999514725001129
00	0.9989768143471268
00	0.9937078961734863
00	0.9937078961734863
00	1.0
00	1.0
00	0.99
00	1.0
00	1.0
00	1.0
00	0.9937078961734863
00	1.0
00	1.0
00	1.0
00	1.0
00	1.0
00	1.0
00	1.0
00	0.95
00	1.0
00	0.9937078961734863
00	1.0
00	1.0
00	1.0
00	1.0
00	1.0
00	1.0
00	1.0
00	0.9994014461540648
00	1.0
00	1.0
00	1.0
00	1.0
00	1.0
00	1.0
00	1.0
00	0.999429227557447
00	1.0
00	0.99
00	1.0
00	1.0
00	1.0
00	0.9991231495316064
00	1.0
00	1.0
00	1.0
00	1.0
00	0.99
00	1.0
00	1.0
00	1.0
00	1.0
00	1.0
00	1.0
00	1.0
00	0.9937078961734863
00	1.0
00	0.9937078961734863
00	1.0
00	1.0
00	1.0
00	1.0
00	1.0
00	1.0
00	1.0
00	1.0
00	1.0
00	1.0
00	1.0
00	0.9937078961734863
00	0.9937078961734863
00	1.0
00	1.0
00	1.0
00	0.9998224213237105
00	1.0
00	1.0
00	1.0
00	1.0
00	1.0
00	1.0
00	1.0
00	0.9937078961734863
00	1.0
00	1.0
00	1.0
00	1.0
00	1.0
00	1.0
00	1.0
00	1.0
00	1.0
00	1.0
00	0.9996690863463722
00	1.0
00	1.0
00	1.0
00	0.98
00	1.0
00	1.0
00	1.0
00	0.9997585788457668
00	0.99
00	1.0
00	0.99
00	1.0
00	1.0
00	1.0
00	1.0
00	1.0
00	1.0
00	1.0
00	0.9937078961734863
00	1.0
00	1.0
00	1.0
00	1.0
00	1.0
00	0.99
00	1.0
00	1.0
00	1.0
00	1.0
00	1.0
00	1.0
00	1.0
00	1.0
00	1.0
00	1.0
00	1.0
00	1.0
00	1.0
00	1.0
00	1.0
00	1.0
00	1.0
00	0.9899132947976877
00	1.0
00	1.0
00	1.0
00	1.0
00	1.0
00	1.0
00	1.0
00	1.0
00	1.0
00	1.0
00	1.0
00	0.9992901002728796
00	1.0
00	1.0
00	1.0
00	1.0
00	1.0
00	1.0
00	1.0
00	1.0
00	1.0
00	1.0
00	0.99
00	1.0
00	1.0
00	1.0
00	1.0
00	1.0
00	1.0
00	1.0
00	0.9937078961734863
00	1.0
00	1.0
00	1.0
00	0.94
00	0.99
00	1.0
00	1.0
00	1.0
00	1.0
00	1.0
00	1.0
00	1.0
00	0.99
00	0.9937078961734863
00	1.0
00	1.0
00	1.0
00	1.0
00	1.0
00	1.0
00	1.0
00	1.0
00	0.99
00	1.0
00	1.0
00	0.99
00	1.0
00	1.0
00	1.0
00	1.0
00	1.0
00	1.0
00	0.9937078961734863
00	1.0
00	1.0
00	0.9692658161322436
00	1.0
00	1.0
00	1.0
00	1.0
00	0.9937078961734863
00	1.0
00	1.0
00	1.0
00	1.0
00	1.0
00	0.9937078961734863
00	0.98
00	1.0
00	1.0
00	1.0
00	1.0
00	1.0
00	1.0
00	1.0
00	1.0
00	1.0
00	1.0
00	1.0
00	1.0
00	1.0
00	1.0
00	1.0
00	1.0
00	1.0
00	1.0
00	1.0
00	0.99
00	1.0
00	0.99
00	1.0
00	1.0
00	1.0
00	0.9995789486317908
00	1.0
00	0.99
00	0.99
00	1.0
00	1.0
00	0.9937078961734863
00	1.0
00	1.0
00	1.0
00	1.0
00	1.0
00	0.9962206800344541
00	1.0
00	1.0
00	1.0
00	1.0
00	1.0
00	1.0
00	1.0
00	1.0
00	1.0
00	1.0
00	1.0
00	1.0
00	1.0
00	0.9937078961734863
00	1.0
00	1.0
00	1.0
00	0.9937078961734863
00	1.0
00	1.0
00	1.0
00	0.9889439845477213
00	1.0
00	1.0
00	1.0
00	1.0
00	1.0
00	1.0
00	1.0
00	1.0
00	1.0
00	1.0
00	1.0
00	1.0
00	1.0
00	1.0
00	0.98
00	0.99
00	0.9985105986295902
00	1.0
00	1.0
00	0.9997986731476617
00	1.0
00	1.0
00	1.0
00	1.0
00	1.0
00	1.0
00	1.0
00	1.0
00	1.0
00	1.0
00	1.0
00	1.0
00	1.0
00	1.0
00	1.0
00	1.0
00	1.0
00	1.0
00	1.0
00	1.0
00	1.0
00	1.0
00	1.0
00	1.0
00	1.0
00	1.0
00	1.0
00	1.0
00	1.0
00	1.0
00	1.0
00	0.999936507936508
00	1.0
00	0.9937078961734863
00	1.0
00	1.0
00	1.0
00	0.98
00	1.0
00	0.9937078961734863
00	1.0
00	1.0
00	0.99
00	1.0
00	1.0
00	1.0
00	1.0
00	1.0
00	1.0
00	0.99
00	0.9999744897959184
00	1.0
00	1.0
00	1.0
00	1.0
00	1.0
00	1.0
00	1.0
00	1.0
00	1.0
00	1.0
00	1.0
00	1.0
00	1.0
00	1.0
00	1.0
00	1.0
00	1.0
00	1.0
00	1.0
00	1.0
00	0.9998265895953757
00	1.0
00	0.9937078961734863
00	1.0
00	1.0
00	1.0
00	1.0
00	1.0
00	1.0
00	1.0
00	1.0
00	1.0
00	1.0
00	1.0
00	1.0
00	1.0
00	1.0
00	1.0
00	0.9998714652956298
00	1.0
00	1.0
00	1.0
00	1.0
00	1.0
00	1.0
00	1.0
00	1.0
00	1.0
00	1.0
00	1.0
00	0.9937078961734863
00	1.0
00	1.0
00	1.0
00	1.0
00	1.0
00	1.0
00	1.0
00	0.99
00	1.0
00	0.98
00	1.0
00	0.993792339753505
00	0.99
00	0.9998863608887365
00	1.0
00	1.0
00	1.0
00	0.98
00	1.0
00	1.0
00	1.0
00	1.0
00	1.0
00	1.0
00	1.0
00	1.0
00	0.99
00	1.0
00	1.0
00	1.0
00	0.98
00	1.0
00	1.0
00	1.0
00	1.0
00	1.0
00	1.0
00	1.0
00	1.0
00	1.0
00	1.0
00	1.0
00	0.98
00	1.0
00	0.9995261371664418
00	0.97
00	1.0
00	1.0
00	1.0
00	1.0
00	1.0
00	1.0
00	1.0
00	1.0
00	1.0
00	0.9937078961734863
00	1.0
00	1.0
00	1.0
00	1.0
00	1.0
00	1.0
00	1.0
00	1.0
00	1.0
00	1.0
00	1.0
00	1.0
00	1.0
00	1.0
00	1.0
00	1.0
00	0.98
00	1.0
00	1.0
00	1.0
00	1.0
00	0.9999093655589124
00	1.0
00	1.0
00	1.0
00	1.0
00	1.0
00	1.0
00	1.0
00	0.99
00	1.0
00	0.98
00	1.0
00	1.0
00	1.0
00	1.0
00	1.0
00	1.0
00	1.0
00	1.0
00	1.0
00	1.0
00	0.96
00	0.9998717948717949
00	1.0
00	0.9998545751633986
00	1.0
00	1.0
00	1.0
00	0.8
00	0.9937078961734863
00	0.98
00	1.0
00	0.9994378101437629
00	0.99
00	1.0
00	0.9997704636248091
00	1.0
00	1.0
00	1.0
00	0.9997704636248091
00	1.0
00	1.0
00	1.0
00	1.0
00	1.0
00	1.0
00	1.0
00	1.0
00	0.9999703264094956
00	1.0
00	1.0
00	1.0
00	1.0
00	1.0
00	0.9998522227017697
00	1.0
00	1.0
00	1.0
00	1.0
00	1.0
00	1.0
00	1.0
00	1.0
00	1.0
00	1.0
00	1.0
00	1.0
00	1.0
00	0.99
00	1.0
00	0.9937078961734863
00	0.9883214835242218
00	0.9995876826216268
00	1.0
00	1.0
00	1.0
00	1.0
00	1.0
00	1.0
00	1.0
00	0.9937078961734863
00	0.9937078961734863
00	0.9997687861271676
00	1.0
00	0.9996496360601506
00	1.0
00	1.0
00	1.0
00	1.0
00	1.0
00	1.0
00	1.0
00	1.0
00	1.0
00	1.0
00	1.0
00	1.0
00	1.0
00	1.0
00	1.0
00	1.0
00	0.99
00	1.0
00	0.97
00	1.0
00	1.0
00	1.0
00	1.0
00	1.0
00	1.0
00	0.9989773688096464
00	1.0
00	1.0
00	0.9937078961734863
00	0.9990757162702926
00	0.9991706464168161
00	1.0
00	1.0
00	1.0
00	0.9991736732964449
00	1.0
00	1.0
00	1.0
00	1.0
00	1.0
00	1.0
00	1.0
00	1.0
00	1.0
00	1.0
00	1.0
00	1.0
00	1.0
00	1.0
00	1.0
00	1.0
00	1.0
00	1.0
00	1.0
00	1.0
00	0.9997268642469102
00	1.0
00	1.0
00	1.0
00	1.0
00	1.0
00	1.0
00	1.0
00	1.0
00	1.0
00	1.0
00	1.0
00	1.0
00	0.99
00	1.0
00	0.9937078961734863
00	1.0
00	1.0
00	0.99
00	0.9937078961734863
00	1.0
00	1.0
00	1.0
00	1.0
00	1.0
00	1.0
00	1.0
00	1.0
00	1.0
00	1.0
00	1.0
00	1.0
00	1.0
00	1.0
00	0.9937078961734863
00	1.0
00	1.0
00	1.0
00	1.0
00	1.0
00	1.0
00	0.9989456623634968
00	1.0
00	1.0
00	1.0
00	1.0
00	0.95
00	1.0
00	1.0
00	1.0
00	1.0
00	1.0
00	1.0
00	1.0
00	1.0
00	1.0
00	1.0
00	1.0
00	1.0
00	1.0
00	1.0
00	1.0
00	1.0
00	1.0
00	1.0
00	1.0
00	1.0
00	1.0
00	0.99
00	1.0
00	1.0
00	1.0
00	1.0
00	1.0
00	0.9937078961734863
00	1.0
00	0.99
00	1.0
00	1.0
00	0.9937078961734863
00	1.0
00	1.0
00	1.0
00	1.0
00	1.0
00	1.0
00	1.0
00	1.0
00	1.0
00	1.0
00	1.0
00	0.9994649815372938
00	1.0
00	1.0
00	1.0
00	1.0
00	1.0
00	1.0
00	1.0
00	1.0
00	1.0
00	1.0
00	1.0
00	1.0
00	1.0
00	1.0
00	1.0
00	1.0
00	1.0
00	1.0
00	1.0
00	1.0
00	1.0
00	1.0
00	1.0
00	1.0
00	1.0
00	1.0
00	1.0
00	0.9290961007510922
00	1.0
00	1.0
00	1.0
00	0.9937078961734863
00	0.9937078961734863
00	1.0
00	1.0
00	1.0
00	1.0
00	1.0
00	1.0
00	1.0
00	1.0
00	1.0
00	0.98
00	1.0
00	1.0
00	1.0
00	1.0
00	1.0
00	1.0
00	1.0
00	0.99
00	1.0
00	1.0
00	0.999971671388102
00	1.0
00	1.0
00	0.9995729524861074
00	1.0
00	1.0
00	1.0
00	1.0
00	1.0
00	1.0
00	1.0
00	1.0
00	1.0
00	0.9937078961734863
00	1.0
00	1.0
00	1.0
00	1.0
00	1.0
00	1.0
00	1.0
00	1.0
00	0.99
00	1.0
00	1.0
00	0.9937078961734863
00	1.0
00	0.99
00	1.0
00	1.0
00	1.0
00	1.0
00	1.0
00	1.0
00	1.0
00	1.0
00	1.0
00	1.0
00	1.0
00	1.0
00	1.0
00	0.999702586130703
00	1.0
00	0.9999406154874809
00	1.0
00	1.0
00	1.0
00	1.0
00	1.0
00	1.0
00	1.0
00	0.99
00	0.99
00	1.0
00	1.0
00	1.0
00	1.0
00	0.89
00	1.0
00	0.999968944099379
00	0.9937078961734863
00	0.9937078961734863
00	1.0
00	0.9937078961734863
00	1.0
00	1.0
00	1.0
00	1.0
00	1.0
00	1.0
00	1.0
00	1.0
00	1.0
00	1.0
00	1.0
00	1.0
00	1.0
00	1.0
00	1.0
00	0.9998265895953757
00	1.0
00	0.98
00	1.0
00	1.0
00	1.0
00	1.0
00	1.0
00	1.0
00	1.0
00	1.0
00	1.0
00	1.0
00	0.9937078961734863
00	1.0
00	0.9798769230769231
00	1.0
00	1.0
00	0.97
00	0.9937078961734863
00	1.0
00	1.0
00	1.0
00	1.0
00	1.0
00	1.0
00	1.0
00	1.0
00	1.0
00	1.0
00	1.0
00	0.999720877669052
00	1.0
00	1.0
00	0.98
00	1.0
00	1.0
00	1.0
00	1.0
00	1.0
00	1.0
00	1.0
00	1.0
00	1.0
00	1.0
00	0.99
00	1.0
00	1.0
00	1.0
00	1.0
00	1.0
00	1.0
00	1.0
00	1.0
00	1.0
00	1.0
00	1.0
00	0.9937078961734863
00	1.0
00	1.0
00	1.0
00	1.0
00	1.0
00	1.0
00	1.0
00	1.0
00	1.0
00	1.0
00	1.0
00	1.0
00	1.0
00	1.0
00	1.0
00	1.0
00	1.0
00	1.0
00	1.0
00	1.0
00	1.0
00	1.0
00	1.0
00	0.99
00	1.0
00	1.0
00	1.0
00	1.0
00	1.0
00	1.0
00	1.0
00	1.0
00	1.0
00	1.0
00	1.0
00	1.0
00	1.0
00	0.9937078961734863
00	1.0
00	1.0
00	1.0
00	1.0
00	0.999936507936508
00	1.0
00	1.0
00	0.9937078961734863
00	1.0
00	1.0
00	1.0
00	1.0
00	1.0
00	1.0
00	1.0
00	1.0
00	0.9999706744868035
00	1.0
00	1.0
00	1.0
00	1.0
00	0.99
00	0.97
00	1.0
00	0.96
00	1.0
00	1.0
00	1.0
00	0.99
00	1.0
00	1.0
00	0.9937078961734863
00	1.0
00	0.97
00	1.0
00	1.0
00	1.0
00	1.0
00	1.0
00	0.99
00	1.0
00	0.9937078961734863
00	1.0
00	1.0
00	1.0
00	1.0
00	1.0
00	1.0
00	1.0
00	1.0
00	1.0
00	1.0
00	0.99
00	1.0
00	0.98
00	1.0
00	1.0
00	1.0
00	1.0
00	1.0
00	1.0
00	1.0
00	1.0
00	1.0
00	0.9998265895953757
00	1.0
00	0.91
00	1.0
00	1.0
00	1.0
00	1.0
00	1.0
00	1.0
00	1.0
00	1.0
00	1.0
00	1.0
00	0.94
00	1.0
00	0.9999093655589124
00	0.9937078961734863
00	0.9937078961734863
00	1.0
00	1.0
00	0.9997636024064641
00	1.0
00	0.9998070576480562
00	1.0
00	1.0
00	0.9937078961734863
00	0.9937078961734863
00	0.97
00	1.0
00	1.0
00	1.0
00	1.0
00	0.99
00	1.0
00	1.0
00	0.99
00	1.0
00	1.0
00	1.0
00	1.0
00	1.0
00	1.0
00	1.0
00	1.0
00	1.0
00	1.0
00	0.98
00	1.0
00	0.98
00	1.0
00	1.0
00	1.0
00	1.0
00	1.0
00	1.0
00	1.0
00	1.0
00	0.97
00	1.0
00	1.0
00	0.9999686520376175
00	1.0
00	1.0
00	1.0
00	1.0
00	1.0
00	1.0
00	1.0
00	1.0
00	1.0
00	1.0
00	1.0
00	1.0
00	1.0
00	0.99
00	1.0
00	1.0
00	1.0
00	1.0
00	1.0
00	0.94
00	1.0
00	1.0
00	1.0
00	1.0
00	1.0
00	1.0
00	1.0
00	0.9946786767181979
00	0.9997731469392259
00	1.0
00	1.0
00	1.0
00	0.99
00	0.99
00	1.0
00	0.99
00	1.0
00	1.0
00	1.0
00	1.0
00	1.0
00	1.0
00	1.0
00	1.0
00	1.0
00	0.9894777296783687
00	1.0
00	1.0
00	1.0
00	1.0
00	1.0
00	1.0
00	1.0
00	1.0
00	1.0
00	1.0
00	1.0
00	1.0
00	1.0
00	1.0
00	0.9998018386771919
00	1.0
00	1.0
00	1.0
00	1.0
00	1.0
00	0.9937078961734863
00	0.9995140985910851
00	0.9937078961734863
00	1.0
00	1.0
00	0.9975248478290994
00	0.9937078961734863
00	1.0
00	1.0
00	1.0
00	1.0
00	1.0
00	1.0
00	1.0
00	1.0
00	1.0
00	1.0
00	1.0
00	1.0
00	1.0
00	0.64
00	1.0
00	1.0
00	1.0
00	0.99
00	1.0
00	0.9937078961734863
00	1.0
00	0.9999686520376175
00	1.0
00	1.0
00	1.0
00	0.9292789866705937
00	1.0
00	1.0
00	1.0
00	1.0
00	1.0
00	1.0
00	1.0
00	1.0
00	1.0
00	0.97
00	1.0
00	0.9899726775956285
00	1.0
00	1.0
00	1.0
00	1.0
00	1.0
00	0.99
00	1.0
00	1.0
00	1.0
00	1.0
00	1.0
00	1.0
00	1.0
00	0.99
00	0.92
00	1.0
00	1.0
00	1.0
00	1.0
00	1.0
00	1.0
00	1.0
00	1.0
00	0.99
00	0.9798670550280568
00	0.9937078961734863
00	1.0
00	0.98
00	1.0
00	1.0
00	1.0
00	0.98
00	1.0
00	1.0
00	1.0
00	1.0
00	1.0
00	0.99
00	1.0
00	1.0
00	1.0
00	1.0
00	1.0
00	1.0
00	1.0
00	1.0
00	1.0
00	1.0
00	1.0
00	1.0
00	1.0
00	0.999859822694611
00	1.0
00	0.95
00	1.0
00	1.0
00	1.0
00	1.0
00	1.0
00	1.0
00	1.0
00	1.0
00	1.0
00	1.0
00	1.0
00	0.9937078961734863
00	1.0
00	0.9937078961734863
00	0.9937078961734863
00	1.0
00	0.9937078961734863
00	1.0
00	1.0
00	1.0
00	1.0
00	0.99
00	0.9997491411366084
00	1.0
00	0.9937078961734863
00	0.99
00	1.0
00	0.99
00	1.0
00	1.0
00	1.0
00	0.9937078961734863
00	1.0
00	0.9937078961734863
00	0.98
00	1.0
00	1.0
00	1.0
00	0.9937078961734863
00	1.0
00	1.0
00	1.0
00	1.0
00	1.0
00	1.0
00	0.99
00	0.95
00	0.9937078961734863
00	1.0
00	1.0
00	0.9998265895953757
00	1.0
00	1.0
00	1.0
00	1.0
00	1.0
00	1.0
00	1.0
00	1.0
00	1.0
00	1.0
00	1.0
00	1.0
00	0.9937078961734863
00	1.0
00	1.0
00	1.0
00	1.0
00	1.0
00	0.9937078961734863
00	1.0
00	0.98
00	1.0
00	1.0
00	1.0
00	1.0
00	1.0
00	1.0
00	1.0
00	1.0
00	0.9937078961734863
00	1.0
00	1.0
00	1.0
00	1.0
00	1.0
00	1.0
00	1.0
00	1.0
00	1.0
00	0.99
00	0.9937078961734863
00	1.0
00	0.98
00	0.9937078961734863
00	0.9937078961734863
00	1.0
00	1.0
00	1.0
00	1.0
00	1.0
00	1.0
00	1.0
00	1.0
00	1.0
00	0.9999744897959184
00	1.0
00	1.0
00	1.0
00	1.0
00	1.0
00	0.9982511928813735
00	1.0
00	1.0
00	0.9999140668351933
00	1.0
00	1.0
00	1.0
00	1.0
00	1.0
00	1.0
00	1.0
00	1.0
00	1.0
00	1.0
00	1.0
00	1.0
00	1.0
00	1.0
00	1.0
00	1.0
00	1.0
00	1.0
00	1.0
00	1.0
00	1.0
00	1.0
00	1.0
00	1.0
00	0.9989108663903455
00	1.0
00	1.0
00	1.0
00	0.97
00	0.9997518025337024
00	1.0
00	1.0
00	1.0
00	0.9937078961734863
00	1.0
00	1.0
00	1.0
00	0.99
00	1.0
00	0.99
00	0.99
00	1.0
00	0.9998781155589124
00	1.0
00	1.0
00	1.0
00	1.0
00	1.0
00	1.0
00	1.0
00	1.0
00	0.9937078961734863
00	0.99
00	0.9937078961734863
00	1.0
00	0.99
00	1.0
00	1.0
00	1.0
00	1.0
00	1.0
00	1.0
00	1.0
00	1.0
00	1.0
00	0.99
00	1.0
00	1.0
00	1.0
00	1.0
00	1.0
00	1.0
00	1.0
00	1.0
00	1.0
00	1.0
00	1.0
00	0.9799708454810496
00	1.0
00	1.0
00	1.0
00	1.0
00	0.9987205905379021
00	1.0
00	1.0
00	1.0
00	1.0
00	1.0
00	1.0
00	1.0
00	1.0
00	1.0
00	1.0
00	1.0
00	1.0
00	1.0
00	1.0
00	1.0
00	1.0
00	1.0
00	1.0
00	1.0
00	1.0
00	1.0
00	1.0
00	1.0
00	1.0
00	1.0
00	1.0
00	1.0
00	1.0
00	1.0
00	0.99
00	0.99
00	1.0
00	0.9937078961734863
00	1.0
00	1.0
00	1.0
00	1.0
00	1.0
00	1.0
00	0.9937078961734863
00	1.0
00	1.0
00	1.0
00	1.0
00	1.0
00	1.0
00	1.0
00	0.98
00	1.0
00	1.0
00	1.0
00	1.0
00	1.0
00	0.98
00	1.0
00	1.0
00	1.0
00	1.0
00	1.0
00	1.0
00	1.0
00	1.0
00	1.0
00	1.0
00	1.0
00	0.9937078961734863
00	1.0
00	1.0
00	1.0
00	1.0
00	0.95
00	1.0
00	1.0
00	1.0
00	1.0
00	1.0
00	1.0
00	1.0
00	1.0
00	0.99
00	1.0
00	1.0
00	1.0
00	0.99
00	1.0
00	0.9997899484888029
00	1.0
00	0.9998151459194341
00	1.0
00	1.0
00	1.0
00	1.0
00	1.0
00	0.9993485061432972
00	1.0
00	1.0
00	1.0
00	1.0
00	1.0
00	1.0
00	1.0
00	1.0
00	1.0
00	1.0
00	1.0
00	0.99
00	1.0
00	0.9999680511182109
00	1.0
00	1.0
00	1.0
00	1.0
00	1.0
00	1.0
00	1.0
00	0.9994909518555182
00	1.0
00	1.0
00	1.0
00	1.0
00	1.0
00	0.9896384240224883
00	0.87
00	0.96
00	1.0
00	1.0
00	1.0
00	0.9999431818181819
00	0.999673684396599
00	1.0
00	1.0
00	1.0
00	1.0
00	1.0
00	0.9937078961734863
00	0.9995886639693992
00	1.0
00	1.0
00	1.0
00	0.9937078961734863
00	0.9937078961734863
00	1.0
00	1.0
00	1.0
00	1.0
00	1.0
00	1.0
00	1.0
00	1.0
00	0.9982546719769998
00	1.0
00	0.99
00	1.0
00	1.0
00	1.0
00	0.98
00	1.0
00	1.0
00	1.0
00	1.0
00	1.0
00	1.0
00	1.0
00	1.0
00	0.95
00	1.0
00	0.9937078961734863
00	1.0
00	1.0
00	0.9937078961734863
00	1.0
00	1.0
00	1.0
00	1.0
00	1.0
00	1.0
00	1.0
00	1.0
00	0.9994909518555182
00	1.0
00	1.0
00	1.0
00	1.0
00	1.0
00	0.999936507936508
00	1.0
00	1.0
00	1.0
00	1.0
00	1.0
00	1.0
00	0.9937078961734863
00	1.0
00	1.0
00	0.9937078961734863
00	1.0
00	1.0
00	1.0
00	1.0
00	1.0
00	1.0
00	1.0
00	1.0
00	0.92
00	1.0
00	1.0
00	1.0
00	1.0
00	1.0
00	1.0
00	1.0
00	0.9999722222222222
00	1.0
00	0.99
00	0.99
00	1.0
00	0.9599708454810496
00	1.0
00	1.0
00	1.0
00	1.0
00	1.0
00	1.0
00	1.0
00	1.0
00	1.0
00	1.0
00	1.0
00	1.0
00	1.0
00	1.0
00	1.0
00	1.0
00	1.0
00	1.0
00	1.0
00	0.92
00	1.0
00	1.0
00	1.0
00	1.0
00	1.0
00	1.0
00	1.0
00	1.0
00	1.0
00	1.0
00	1.0
00	1.0
00	1.0
00	1.0
00	1.0
00	1.0
00	1.0
00	1.0
00	1.0
00	1.0
00	1.0
00	1.0
00	1.0
00	0.9937078961734863
00	1.0
00	1.0
00	1.0
00	1.0
00	1.0
00	1.0
00	1.0
00	1.0
00	1.0
00	1.0
00	1.0
00	0.9937078961734863
00	1.0
00	1.0
00	1.0
00	0.99
00	1.0
00	1.0
00	1.0
00	1.0
00	1.0
00	1.0
00	1.0
00	1.0
00	1.0
00	0.99
00	1.0
00	1.0
00	1.0
00	0.9997491411366084
00	1.0
00	1.0
00	1.0
00	1.0
00	1.0
00	1.0
00	1.0
00	1.0
00	1.0
00	1.0
00	1.0
00	1.0
00	1.0
00	1.0
00	1.0
00	1.0
00	1.0
00	1.0
00	1.0
00	1.0
00	1.0
00	1.0
00	1.0
00	1.0
00	0.98
00	1.0
00	1.0
00	1.0
00	1.0
00	1.0
00	1.0
00	1.0
00	1.0
00	1.0
00	1.0
00	1.0
00	1.0
00	1.0
00	1.0
00	1.0
00	1.0
00	1.0
00	1.0
00	1.0
00	1.0
00	1.0
00	1.0
00	1.0
00	1.0
00	1.0
00	1.0
00	1.0
00	1.0
00	1.0
00	1.0
00	1.0
00	1.0
00	1.0
00	1.0
00	1.0
00	1.0
00	0.9984078294776737
00	0.9937078961734863
00	0.93
00	0.9937078961734863
00	1.0
00	0.9937078961734863
00	0.999424404057685
00	1.0
00	0.9937078961734863
00	1.0
00	1.0
00	1.0
00	1.0
00	1.0
00	1.0
00	1.0
00	1.0
00	1.0
00	1.0
00	1.0
00	1.0
00	1.0
00	1.0
00	1.0
00	1.0
00	1.0
00	1.0
00	1.0
00	1.0
00	1.0
00	0.99
00	1.0
00	1.0
00	1.0
00	1.0
00	1.0
00	1.0
00	0.9999406528189911
00	0.99
00	0.98
00	1.0
00	0.98
00	1.0
00	1.0
00	0.98
00	1.0
00	1.0
00	1.0
00	1.0
00	1.0
00	1.0
00	1.0
00	1.0
00	1.0
00	1.0
00	1.0
00	1.0
00	1.0
00	1.0
00	1.0
00	0.9998966408268735
00	1.0
00	1.0
00	1.0
00	1.0
00	1.0
00	0.98
00	1.0
00	1.0
00	1.0
00	1.0
00	1.0
00	1.0
00	1.0
00	1.0
00	1.0
00	1.0
00	1.0
00	1.0
00	1.0
00	1.0
00	1.0
00	1.0
00	1.0
00	0.99
00	0.98
00	1.0
00	1.0
00	1.0
00	1.0
00	1.0
00	1.0
00	1.0
00	1.0
00	1.0
00	1.0
00	1.0
00	1.0
00	1.0
00	1.0
00	1.0
00	1.0
00	1.0
00	0.9598791181383853
00	1.0
00	0.9974301110435494
00	1.0
00	1.0
00	1.0
00	1.0
00	1.0
00	0.9937078961734863
00	0.9999687500000001
00	0.99
00	1.0
00	1.0
00	1.0
00	1.0
00	0.9937078961734863
00	0.9937078961734863
00	1.0
00	1.0
00	1.0
00	1.0
00	0.9991736732964449
00	1.0
00	1.0
00	1.0
00	0.99
00	1.0
00	0.9937078961734863
00	1.0
00	1.0
00	1.0
00	1.0
00	1.0
00	1.0
00	1.0
00	1.0
00	0.9994016759362229
00	1.0
00	1.0
00	1.0
00	1.0
00	1.0
00	1.0
00	1.0
00	1.0
00	1.0
00	1.0
00	0.98
00	1.0
00	1.0
00	1.0
00	1.0
00	1.0
00	1.0
00	1.0
00	1.0
00	1.0
00	1.0
00	1.0
00	1.0
00	1.0
00	1.0
00	1.0
00	1.0
00	1.0
00	1.0
00	1.0
00	1.0
00	1.0
00	1.0
00	1.0
00	1.0
00	1.0
00	1.0
00	0.9937078961734863
00	1.0
00	1.0
00	1.0
00	0.9937078961734863
00	1.0
00	1.0
00	1.0
00	1.0
00	1.0
00	1.0
00	1.0
00	1.0
00	1.0
00	1.0
00	1.0
00	1.0
00	1.0
00	0.93
00	1.0
00	1.0
00	1.0
00	1.0
00	1.0
00	1.0
00	1.0
00	0.99
00	1.0
00	1.0
00	1.0
00	1.0
00	1.0
00	1.0
00	1.0
00	1.0
00	1.0
00	1.0
00	1.0
00	1.0
00	1.0
00	1.0
00	1.0
00	1.0
00	1.0
00	1.0
00	1.0
00	1.0
00	1.0
00	1.0
00	0.9937078961734863
00	1.0
00	1.0
00	1.0
00	1.0
00	1.0
00	1.0
00	1.0
00	1.0
00	1.0
00	1.0
00	1.0
00	1.0
00	1.0
00	0.99
00	0.9897210265700285
00	0.9996153084979595
00	1.0
00	1.0
00	1.0
00	1.0
00	1.0
00	1.0
00	0.9990486003172373
00	1.0
00	1.0
00	1.0
00	1.0
00	1.0
00	1.0
00	0.9937078961734863
00	1.0
00	1.0
00	1.0
01	0.9972297834431981
01	0.659972972972973
01	0.9974423545215657
01	0.5795704693591296
01	0.5196823214224541
01	0.5780063163616932
01	0.93
10	0.76
11	0.7602866665289519
11	0.99
11	1.0
11	0.99
11	0.83
11	0.82
11	0.6
11	0.85
11	0.7000836114016937
11	1.0
11	0.7300589970501474
11	0.7801499061410566
11	1.0
11	0.99
11	0.96
11	0.8101523809523808
11	0.99
11	1.0
11	0.8001944619110833
11	0.78
11	1.0
11	0.98
11	0.96
11	1.0
11	0.86
11	0.97
11	0.92
11	0.78
11	0.96
11	0.6602832668833836
11	0.6805966755082712
11	1.0
11	0.96
11	0.61
11	0.88
11	1.0
11	0.55
11	0.6801438050880176
11	0.9500578034682081
11	0.7
11	0.66
11	0.67
11	0.62
